class,cg06358970,cg15934776,cg27133034,cg05630556,cg24461669,cg26037614,cg07824824,cg00010954,cg22827250,cg15772025,cg25940946,cg02308712,cg18126442,cg01108080,cg01416891,cg20807545,cg06132727,cg11614451,cg22372182,cg26343883,cg21051964,cg09320199,cg19224645,cg24053748,cg06211323,cg14413721,cg19489423,cg07806886,cg08957484,cg07570142,cg22417733,cg00179374,cg07035704,cg03354508,cg20002958,cg05456022,cg15607142,cg19451698,cg13172367,cg07608496,cg24244437,cg23213696,cg06753057,cg10588622,cg03329148,cg06816350,cg26244738,cg02444300,cg08357627,cg11864574
1.0,0.0114531,0.73596,0.839659,0.0443554,0.942682,0.017455,0.355668,0.403174,0.450533,0.0395567,0.0190223,0.602609,0.218128,0.0153275,0.135467,0.156769,0.47377,0.0436057,0.264862,0.120022,0.8773,0.735239,0.120366,0.0618174,0.365579,0.152316,0.954189,0.0448415,0.167175,0.038252,0.076994,0.537743,0.711612,0.577644,0.870345,0.0181183,0.714479,0.0581391,0.917884,0.0312228,0.0308126,0.038304,0.922462,0.274593,0.813236,0.615298,0.0669627,0.0183953,0.774713,0.361583
1.0,0.0112543,0.870431,0.721869,0.0373608,0.952586,0.0239437,0.333739,0.403705,0.345593,0.0934041,0.0240249,0.373828,0.220395,0.011444,0.167166,0.188662,0.657453,0.0193371,0.250678,0.158476,0.872593,0.734336,0.157602,0.0977193,0.279548,0.306093,0.834373,0.0354583,0.129356,0.0388803,0.0714717,0.528924,0.761147,0.398374,0.841997,0.0108524,0.719448,0.0647706,0.91806,0.0232689,0.0257343,0.0339901,0.917319,0.205605,0.819854,0.706144,0.0373129,0.0178001,0.773562,0.367518
1.0,0.00800527,0.933,0.551643,0.0304492,0.957521,0.0337735,0.367951,0.455222,0.332265,0.0344779,0.0154785,0.399843,0.192996,0.0146688,0.212131,0.110866,0.575106,0.0374441,0.464335,0.155305,0.937992,0.695932,0.120643,0.0834074,0.319839,0.133004,0.961851,0.0231303,0.127075,0.0433973,0.0949013,0.571983,0.814132,0.461219,0.900457,0.00864061,0.752377,0.0240834,0.968179,0.0239578,0.0588713,0.0321649,0.821052,0.375313,0.781759,0.732545,0.0538983,0.0126784,0.742298,0.410333
1.0,0.00945468,0.82477,0.693337,0.0304934,0.68694,0.0184226,0.391781,0.496077,0.233272,0.0253229,0.0410839,0.549591,0.197145,0.00444259,0.178858,0.171417,0.499712,0.0445066,0.375012,0.147314,0.929291,0.754362,0.0693099,0.0611358,0.335739,0.208853,0.957482,0.0533404,0.184746,0.0359669,0.0557158,0.660488,0.654455,0.310252,0.88099,0.012653,0.677149,0.071606,0.929445,0.0238413,0.0304747,0.0323389,0.785205,0.180144,0.797916,0.682087,0.0698166,0.0114073,0.721434,0.41727
1.0,0.00817553,0.798299,0.755483,0.0258667,0.5907,0.0264081,0.389072,0.387036,0.278841,0.0614032,0.049358,0.547583,0.159527,0.0121273,0.185549,0.189007,0.600077,0.0633743,0.417152,0.129802,0.922791,0.63997,0.0876759,0.0603164,0.316468,0.213866,0.952886,0.0221255,0.183065,0.0447057,0.115551,0.624461,0.752179,0.497321,0.89589,0.011035,0.662902,0.0505005,0.952072,0.0242055,0.0330114,0.0303131,0.845369,0.210147,0.717693,0.799765,0.0505808,0.0115182,0.716739,0.391431
1.0,0.0095996,0.632356,0.639928,0.033105,0.939928,0.0195645,0.41401,0.472784,0.330466,0.0405104,0.0133085,0.51631,0.210724,0.0168433,0.169049,0.166462,0.614226,0.0345606,0.403873,0.148721,0.881663,0.714062,0.149973,0.0835754,0.420542,0.12956,0.95703,0.0400646,0.16475,0.0446572,0.0747212,0.482839,0.715294,0.364314,0.840689,0.0120038,0.634765,0.0654782,0.935402,0.0253347,0.0439589,0.0307358,0.872707,0.436162,0.826953,0.668276,0.0810673,0.0130739,0.722421,0.453146
1.0,0.0112944,0.868298,0.688107,0.032297,0.952216,0.0183168,0.352042,0.521042,0.301638,0.0302913,0.0297173,0.236317,0.197978,0.0153146,0.24605,0.147106,0.753819,0.0364478,0.208504,0.19478,0.943771,0.723911,0.188212,0.0549802,0.355711,0.175475,0.96266,0.0544177,0.328797,0.0548998,0.06557,0.610976,0.76992,0.246597,0.870219,0.0116198,0.814674,0.0953911,0.924495,0.0244364,0.0234355,0.0313739,0.82989,0.280223,0.825081,0.702155,0.0768264,0.0129858,0.719522,0.376761
1.0,0.0096014,0.884811,0.591409,0.0395068,0.94884,0.035709,0.323048,0.403371,0.337569,0.0471041,0.0355343,0.404906,0.22507,0.0123048,0.185205,0.179812,0.530283,0.0463368,0.528619,0.159756,0.791055,0.695939,0.12766,0.0818862,0.308454,0.152697,0.95753,0.0672836,0.131606,0.0570568,0.13643,0.496863,0.719849,0.24492,0.875922,0.0131941,0.757869,0.07597,0.924203,0.0226598,0.030967,0.0316997,0.810932,0.331249,0.807451,0.597486,0.119054,0.0108952,0.712114,0.426257
1.0,0.0100144,0.92204,0.581896,0.037088,0.94903,0.0363769,0.422432,0.388843,0.364356,0.0501907,0.0493859,0.425786,0.239448,0.0177265,0.216528,0.163976,0.579859,0.0661137,0.536661,0.16708,0.941638,0.696076,0.274882,0.0844933,0.322501,0.133024,0.956019,0.0350214,0.150997,0.0486435,0.108397,0.532486,0.698035,0.494016,0.87244,0.0148976,0.761105,0.0464557,0.952615,0.0260423,0.0399042,0.0421319,0.841599,0.387143,0.752677,0.803516,0.0591649,0.0167797,0.681446,0.500144
1.0,0.0279152,0.722668,0.706627,0.0238113,0.828772,0.0205336,0.339054,0.469401,0.279999,0.039487,0.0332919,0.326278,0.233314,0.0167617,0.14493,0.161355,0.569986,0.0494172,0.216048,0.134473,0.812753,0.714342,0.107938,0.0812612,0.396042,0.127902,0.956555,0.0493486,0.188185,0.0342637,0.0800516,0.533665,0.693637,0.376143,0.815445,0.00893505,0.734507,0.0659535,0.900847,0.0231646,0.0261628,0.0261731,0.897992,0.48036,0.805316,0.565762,0.046916,0.014647,0.763607,0.356353
1.0,0.00760284,0.780714,0.443084,0.0472729,0.955643,0.0486792,0.357282,0.475471,0.290395,0.0450939,0.0425562,0.570777,0.191792,0.0125206,0.187786,0.187348,0.641719,0.0519443,0.118437,0.127727,0.925992,0.575146,0.197541,0.0750989,0.250787,0.127471,0.961711,0.039162,0.050709,0.0444306,0.118519,0.544266,0.782036,0.414842,0.827775,0.0115498,0.791416,0.0626005,0.964468,0.0236947,0.0660919,0.0322482,0.798548,0.129361,0.734517,0.711095,0.0485227,0.0108815,0.634521,0.434204
1.0,0.00777006,0.889788,0.810409,0.0430285,0.961743,0.0302599,0.479752,0.548339,0.236325,0.0355801,0.0536855,0.5882,0.140595,0.0121682,0.160092,0.203586,0.544247,0.0476315,0.181877,0.184423,0.928525,0.771357,0.13216,0.078014,0.373633,0.112894,0.964485,0.0397626,0.0988479,0.0441627,0.0938172,0.72247,0.773969,0.341854,0.894273,0.0105759,0.788534,0.0593491,0.918571,0.023324,0.0304681,0.0321386,0.84239,0.514128,0.858531,0.641404,0.0627915,0.009723,0.773569,0.414367
1.0,0.0305787,0.808372,0.741841,0.0254191,0.942909,0.0207227,0.323348,0.477497,0.282827,0.0458243,0.0125475,0.430747,0.189857,0.0173501,0.155386,0.166609,0.545268,0.0389642,0.353782,0.154479,0.825081,0.759869,0.0625189,0.0703331,0.375628,0.0970936,0.939246,0.0497312,0.142191,0.0378063,0.0649684,0.529634,0.717662,0.323,0.861764,0.011834,0.763933,0.0476269,0.910138,0.0215078,0.0117073,0.0235266,0.86918,0.48694,0.798437,0.656289,0.0454114,0.449913,0.757729,0.402883
1.0,0.00596531,0.708828,0.700292,0.0336365,0.354924,0.028251,0.177729,0.434449,0.352897,0.0360552,0.025967,0.389451,0.149383,0.0126513,0.186643,0.150778,0.575661,0.035582,0.458908,0.162641,0.90902,0.794881,0.173526,0.0574052,0.380199,0.152474,0.964044,0.0425367,0.105064,0.0479517,0.100656,0.613894,0.773523,0.597405,0.855388,0.0158406,0.808554,0.0570182,0.965947,0.0206594,0.0282523,0.0182616,0.835473,0.245617,0.807363,0.748594,0.0755267,0.0101643,0.759138,0.422031
1.0,0.0104425,0.594439,0.708405,0.0442774,0.774586,0.0227242,0.266227,0.47065,0.334318,0.0539956,0.0197604,0.414467,0.162802,0.0121737,0.151542,0.156204,0.589646,0.0382262,0.244891,0.185645,0.884287,0.590457,0.121961,0.075994,0.337772,0.127692,0.953955,0.0524946,0.0939104,0.0533731,0.0863653,0.541821,0.733675,0.311286,0.86792,0.0130459,0.742384,0.0846713,0.926787,0.0239868,0.0207927,0.0247588,0.77663,0.231153,0.773544,0.673511,0.0765358,0.00994029,0.655784,0.46019
1.0,0.0110831,0.904803,0.791372,0.059192,0.940939,0.0185953,0.439219,0.54843,0.410097,0.0335955,0.0315012,0.426606,0.237002,0.0144029,0.223525,0.176528,0.633931,0.0602932,0.494623,0.162272,0.918926,0.717188,0.142406,0.0758207,0.356737,0.118308,0.963049,0.0843181,0.143284,0.0434934,0.0970025,0.553602,0.66767,0.324067,0.906293,0.012697,0.705488,0.0740842,0.916889,0.0253879,0.029494,0.0360514,0.913183,0.490797,0.819776,0.728801,0.0540244,0.0139807,0.714568,0.409549
1.0,0.00735559,0.891717,0.662263,0.0572753,0.949593,0.0448252,0.328709,0.539178,0.37423,0.0323624,0.00749565,0.401803,0.234562,0.0136751,0.193165,0.22248,0.553932,0.0484064,0.512271,0.179396,0.947025,0.723564,0.211361,0.0941727,0.363599,0.125995,0.955848,0.0889626,0.171528,0.0571135,0.0885935,0.600822,0.712227,0.534848,0.883941,0.0136402,0.743916,0.0870887,0.902355,0.0237345,0.0402213,0.0306121,0.788431,0.230322,0.79443,0.747907,0.0504014,0.0138133,0.758917,0.507736
1.0,0.0117992,0.638134,0.824982,0.024967,0.949733,0.0242707,0.420073,0.515747,0.377874,0.0344161,0.0565013,0.595886,0.257444,0.0131682,0.238465,0.237791,0.583011,0.0597726,0.179516,0.238836,0.929561,0.677336,0.385794,0.112243,0.390868,0.201205,0.957046,0.046187,0.251122,0.0746718,0.117627,0.556086,0.646992,0.479985,0.882953,0.0142947,0.59817,0.107927,0.934476,0.025431,0.037408,0.0391271,0.840881,0.485696,0.812329,0.788173,0.13868,0.0118161,0.718312,0.474988
1.0,0.00441228,0.692875,0.679917,0.0241587,0.929441,0.0185246,0.413181,0.461008,0.28672,0.0271031,0.0147863,0.63826,0.136836,0.0106162,0.151385,0.161248,0.628603,0.0259924,0.184516,0.14886,0.922443,0.753147,0.145269,0.0582805,0.337548,0.230137,0.967597,0.0294894,0.0607685,0.04385,0.0676617,0.60578,0.784046,0.352615,0.902816,0.00952812,0.822893,0.0616169,0.929468,0.0195661,0.0275688,0.024641,0.806583,0.229962,0.855922,0.646178,0.0376355,0.00951851,0.739037,0.43607
1.0,0.00999089,0.89121,0.850151,0.0388983,0.950586,0.0336226,0.310435,0.416372,0.294109,0.0695491,0.0836923,0.490471,0.176796,0.0140846,0.174643,0.171962,0.544111,0.0595809,0.224207,0.170252,0.884178,0.678753,0.191647,0.077578,0.344504,0.122006,0.958373,0.0644552,0.229211,0.039154,0.176898,0.609828,0.751582,0.371999,0.906841,0.0142194,0.703695,0.0916671,0.938178,0.0234548,0.0484523,0.0296545,0.776032,0.20578,0.77435,0.658215,0.0628224,0.0138159,0.712727,0.467789
1.0,0.00987762,0.762405,0.691758,0.0464636,0.810216,0.0185782,0.537373,0.549465,0.29031,0.0326167,0.0601917,0.498772,0.232419,0.0137723,0.210067,0.179854,0.623301,0.0381813,0.330162,0.244147,0.954889,0.675386,0.178075,0.0775708,0.451745,0.123242,0.958038,0.0605924,0.291056,0.0396542,0.107934,0.596089,0.708601,0.45817,0.906716,0.0117093,0.62243,0.0936521,0.922069,0.0240585,0.0490841,0.0273832,0.86758,0.251937,0.779093,0.758668,0.0824044,0.016922,0.710961,0.488751
-1.0,0.0119401,0.861595,0.763088,0.0337914,0.944234,0.0372354,0.316097,0.441735,0.381694,0.0466022,0.0398473,0.48101,0.244127,0.0167019,0.193695,0.211307,0.595937,0.0742839,0.303028,0.177868,0.921519,0.699344,0.233606,0.079868,0.347485,0.129671,0.954712,0.075058,0.194619,0.0498406,0.133277,0.682431,0.699067,0.42099,0.869215,0.015166,0.650293,0.0717499,0.944345,0.0244328,0.0489117,0.0345401,0.822502,0.346425,0.793734,0.672165,0.0817758,0.0123843,0.666818,0.492173
-1.0,0.0106329,0.649049,0.774011,0.0486659,0.733934,0.0248966,0.397762,0.544421,0.381854,0.0503931,0.0571624,0.514541,0.179433,0.0192368,0.169584,0.210039,0.594328,0.0414,0.369034,0.147426,0.921245,0.712788,0.326677,0.0716641,0.425557,0.0908733,0.957728,0.0559925,0.299586,0.0534939,0.114885,0.648056,0.68342,0.522644,0.891165,0.0143595,0.681527,0.0795281,0.936644,0.0279317,0.0173809,0.0472436,0.924178,0.262717,0.843254,0.624297,0.0602648,0.0163058,0.678557,0.427702
-1.0,0.0118936,0.857161,0.673274,0.0397803,0.955188,0.0525785,0.505051,0.507898,0.380453,0.0511521,0.0840255,0.48731,0.254095,0.0149357,0.251208,0.218201,0.557183,0.074413,0.428274,0.172039,0.930567,0.637823,0.167699,0.0912943,0.403159,0.149297,0.945248,0.0815304,0.237191,0.0550746,0.147788,0.583885,0.697139,0.592047,0.894178,0.0142432,0.752127,0.0835167,0.94085,0.0273665,0.0537875,0.0444543,0.804337,0.252265,0.782018,0.818912,0.0798781,0.0169038,0.675095,0.503258
-1.0,0.0127745,0.772341,0.741102,0.0465348,0.940094,0.0336078,0.314608,0.543849,0.361066,0.0432194,0.0678555,0.534564,0.265901,0.0168942,0.20891,0.195036,0.643295,0.0642702,0.362347,0.182541,0.860238,0.647327,0.194228,0.106555,0.361774,0.164281,0.947211,0.0479763,0.216469,0.0416022,0.14187,0.657999,0.635948,0.408585,0.816822,0.0174382,0.704471,0.105046,0.931685,0.0260094,0.0303955,0.0361283,0.831445,0.302589,0.852789,0.63499,0.106784,0.0197719,0.64217,0.358742
-1.0,0.0100415,0.93301,0.76879,0.0568987,0.958447,0.0332567,0.579469,0.663986,0.391225,0.0505973,0.0726514,0.391663,0.32272,0.0157875,0.249357,0.217363,0.722558,0.0470858,0.393552,0.275179,0.922904,0.731042,0.228217,0.110844,0.454567,0.143244,0.965763,0.0675758,0.338598,0.0588214,0.0820423,0.495661,0.727358,0.545447,0.875766,0.0149197,0.704549,0.0739986,0.940008,0.0302958,0.0256828,0.0481077,0.86269,0.294277,0.846776,0.69175,0.118175,0.015721,0.703441,0.536579
-1.0,0.0112513,0.796743,0.764528,0.0445865,0.924159,0.0343194,0.437507,0.535918,0.272143,0.0690579,0.0568557,0.460095,0.151701,0.0145404,0.153922,0.182612,0.653477,0.0342734,0.322716,0.229202,0.926117,0.705354,0.119033,0.0770273,0.317409,0.16428,0.947414,0.0669907,0.20891,0.079299,0.0523748,0.61255,0.682574,0.395261,0.890486,0.0149067,0.730246,0.0895823,0.92351,0.0262523,0.0230646,0.0238578,0.888256,0.237648,0.8399,0.693225,0.0750697,0.0113442,0.655299,0.49562
-1.0,0.0108136,0.830245,0.740342,0.0451234,0.954545,0.0264569,0.362698,0.458548,0.296574,0.0462354,0.107221,0.483553,0.238961,0.0132295,0.235866,0.158818,0.591117,0.0723435,0.492887,0.199265,0.921561,0.693917,0.307979,0.111712,0.38748,0.137994,0.958855,0.0427747,0.220909,0.0483796,0.133171,0.685454,0.697183,0.505324,0.914872,0.0137422,0.680052,0.0806271,0.92766,0.0269585,0.0381534,0.0361374,0.882498,0.265929,0.801716,0.809923,0.0918113,0.0119525,0.708358,0.544878
-1.0,0.0114675,0.709606,0.785849,0.0478984,0.959758,0.0295667,0.371297,0.540743,0.358953,0.0526841,0.0873128,0.386682,0.283305,0.0158186,0.229808,0.197836,0.645746,0.06514,0.373797,0.172299,0.849037,0.638399,0.163214,0.104872,0.350282,0.123301,0.947956,0.0751789,0.222651,0.0580894,0.155556,0.680316,0.645608,0.415246,0.84792,0.0147075,0.701789,0.0801081,0.938249,0.0277002,0.0339993,0.0453741,0.885255,0.294113,0.778629,0.664944,0.0977845,0.0142468,0.677759,0.40564
-1.0,0.00990439,0.884397,0.748177,0.081666,0.955467,0.0392989,0.487751,0.502163,0.353925,0.0537024,0.026847,0.593348,0.278085,0.0152999,0.251061,0.256093,0.568134,0.0592928,0.412073,0.203548,0.914459,0.702203,0.200846,0.124657,0.382314,0.161937,0.959852,0.0836089,0.2083,0.0543704,0.101071,0.617009,0.713382,0.508211,0.90335,0.0152641,0.682506,0.0593908,0.941952,0.0254751,0.0337439,0.0280662,0.950724,0.489595,0.825847,0.791534,0.0547706,0.0162423,0.698653,0.451545
-1.0,0.0102923,0.793942,0.808267,0.048974,0.92649,0.0218162,0.415379,0.479839,0.37038,0.0330565,0.0241699,0.563474,0.233319,0.0154309,0.183221,0.208013,0.516183,0.0528344,0.432361,0.234395,0.941243,0.691304,0.146428,0.0848399,0.396009,0.14755,0.954189,0.0813791,0.259327,0.05504,0.118185,0.712347,0.690669,0.524935,0.913521,0.0124517,0.699444,0.096425,0.912829,0.0301799,0.0283788,0.0383299,0.848407,0.202518,0.8464,0.83226,0.191751,0.016343,0.728322,0.502725
-1.0,0.0107111,0.887453,0.78951,0.0861151,0.928928,0.0473402,0.450345,0.567547,0.40649,0.0485643,0.0372806,0.46427,0.256595,0.0171938,0.205044,0.21506,0.569275,0.0688721,0.456085,0.182083,0.92204,0.650546,0.294492,0.115968,0.429842,0.152238,0.954444,0.104357,0.281419,0.0667185,0.112976,0.616763,0.648849,0.436983,0.896829,0.0167123,0.701906,0.0829964,0.910122,0.0250546,0.0351342,0.0441624,0.822715,0.347224,0.838231,0.760962,0.0782893,0.0165748,0.659952,0.454912
-1.0,0.00957475,0.918233,0.869214,0.055295,0.94385,0.0474648,0.570954,0.553781,0.340073,0.0465831,0.0681109,0.563656,0.260939,0.0176879,0.268259,0.231835,0.50658,0.0948641,0.477613,0.209795,0.94475,0.617581,0.278803,0.134326,0.472162,0.155256,0.944762,0.0923723,0.422605,0.0611029,0.22205,0.616573,0.647109,0.5764,0.923085,0.0165479,0.525469,0.0884873,0.948561,0.0309984,0.0329567,0.0601186,0.846764,0.331194,0.79346,0.817254,0.118965,0.0182962,0.696021,0.568203
-1.0,0.0108329,0.856232,0.690121,0.0606132,0.787309,0.0361842,0.526254,0.48985,0.404187,0.0444443,0.0401016,0.518264,0.284095,0.0190844,0.230073,0.22592,0.620387,0.0548809,0.373866,0.217455,0.928344,0.733513,0.175482,0.106359,0.435409,0.155635,0.954493,0.0712655,0.297272,0.086566,0.134569,0.511957,0.727121,0.455944,0.916801,0.0141784,0.65446,0.0863082,0.918977,0.0290003,0.0382919,0.0459848,0.702927,0.257428,0.831653,0.78712,0.0757105,0.015637,0.788225,0.51174
-1.0,0.00975322,0.872899,0.701557,0.0378233,0.94114,0.0250935,0.486734,0.454149,0.361283,0.051284,0.0854767,0.39431,0.223989,0.0157753,0.25298,0.216348,0.639135,0.0433806,0.265938,0.215957,0.904194,0.678991,0.193451,0.0729215,0.406897,0.0927915,0.954209,0.0475237,0.190976,0.0546316,0.0993775,0.548382,0.670122,0.454115,0.901461,0.0119271,0.706459,0.103071,0.943452,0.0224,0.0381599,0.0321713,0.838683,0.245034,0.793062,0.777468,0.09583,0.0144738,0.676807,0.422095
-1.0,0.0126671,0.914692,0.698568,0.0413127,0.943315,0.0342096,0.428125,0.497285,0.372181,0.0563021,0.0999971,0.416976,0.264258,0.015309,0.215829,0.191318,0.630295,0.0739159,0.516995,0.223273,0.933418,0.665345,0.223305,0.112447,0.364639,0.150828,0.938159,0.0635821,0.215895,0.0628721,0.100365,0.74364,0.665872,0.366345,0.88986,0.0149705,0.699894,0.0973251,0.944521,0.0307557,0.0286131,0.0533107,0.861948,0.281754,0.841847,0.794479,0.102804,0.0173102,0.674995,0.473353
-1.0,0.0108379,0.90804,0.792659,0.0622617,0.944199,0.0240341,0.454209,0.497176,0.350901,0.0568568,0.173591,0.456645,0.247402,0.0175035,0.18913,0.165503,0.509086,0.0635666,0.426708,0.190974,0.917256,0.735589,0.264045,0.142744,0.349698,0.152889,0.943975,0.0864733,0.315998,0.0562317,0.138016,0.691254,0.671118,0.513188,0.908757,0.0171826,0.699027,0.0929292,0.930399,0.0299108,0.035478,0.0427504,0.819855,0.268995,0.781521,0.670535,0.103083,0.0140884,0.673489,0.439262
-1.0,0.0109656,0.902917,0.710859,0.0386556,0.943371,0.0197304,0.408148,0.579711,0.332882,0.0580447,0.0299253,0.735455,0.163904,0.014206,0.195773,0.174858,0.572936,0.0313007,0.214323,0.171624,0.951683,0.776843,0.271157,0.0481473,0.364247,0.139291,0.945723,0.0572354,0.193151,0.0505158,0.0556171,0.589261,0.741147,0.364403,0.876049,0.0121273,0.737627,0.0360769,0.934404,0.0254008,0.023285,0.0324416,0.884812,0.255834,0.844875,0.722607,0.21139,0.00607693,0.630591,0.388092
-1.0,0.0121243,0.827204,0.584447,0.0641911,0.875955,0.0632796,0.434365,0.566366,0.433549,0.0489021,0.105562,0.425016,0.196746,0.0159301,0.197089,0.237267,0.653495,0.0909782,0.37961,0.142943,0.934032,0.596708,0.298551,0.0937353,0.34044,0.143348,0.953447,0.0574324,0.143221,0.0553241,0.198689,0.646142,0.677268,0.479072,0.866366,0.0136412,0.718779,0.108001,0.93346,0.028166,0.0567521,0.0517605,0.886456,0.293938,0.696184,0.607047,0.0800479,0.0132491,0.625896,0.496177
-1.0,0.00661379,0.934496,0.545709,0.0352159,0.93891,0.0277663,0.470039,0.553808,0.220956,0.0400667,0.0218965,0.452482,0.192939,0.0130794,0.15362,0.181075,0.661301,0.0446251,0.293626,0.243185,0.927244,0.721238,0.182205,0.0744967,0.380075,0.16924,0.965346,0.0236056,0.113349,0.0487324,0.127195,0.79171,0.771426,0.364314,0.880865,0.0104513,0.859972,0.0398258,0.959805,0.0213634,0.0365481,0.0248733,0.812831,0.270675,0.873877,0.711714,0.1034,0.0115951,0.770426,0.532954
-1.0,0.0114639,0.910772,0.691847,0.0505333,0.951197,0.029012,0.468595,0.552719,0.382671,0.0548666,0.133546,0.526531,0.265669,0.0162324,0.30229,0.212595,0.673653,0.0701327,0.151293,0.262088,0.946635,0.724453,0.229759,0.0907013,0.442567,0.151808,0.94144,0.0681974,0.20847,0.0501744,0.134706,0.779175,0.740995,0.439937,0.910932,0.0135725,0.739608,0.0638266,0.932336,0.0247245,0.0307569,0.0342125,0.73829,0.360498,0.828482,0.738275,0.127733,0.0133931,0.707051,0.565318
-1.0,0.0139864,0.81453,0.784205,0.0446437,0.91833,0.0285423,0.505405,0.545805,0.329982,0.0452748,0.0318415,0.505988,0.257883,0.0205037,0.237085,0.208502,0.649678,0.057264,0.4292,0.225541,0.941848,0.628328,0.141454,0.0926309,0.377258,0.124803,0.940986,0.0956188,0.31233,0.0595482,0.117968,0.699615,0.688877,0.382633,0.90873,0.022011,0.688148,0.0954895,0.940486,0.0412492,0.0474905,0.0369663,0.852252,0.349842,0.823949,0.702559,0.0863991,0.0208213,0.607276,0.47704
-1.0,0.00956167,0.887433,0.712692,0.0495753,0.641408,0.0269372,0.477902,0.558235,0.371303,0.0465906,0.0595823,0.498237,0.218604,0.0139113,0.22846,0.195244,0.679846,0.0782378,0.500053,0.179413,0.948485,0.663784,0.179459,0.0728558,0.36672,0.186039,0.937376,0.0668328,0.24894,0.0449407,0.15231,0.752322,0.638984,0.466167,0.903774,0.0129388,0.711845,0.10207,0.928863,0.0253034,0.0276889,0.0368401,0.836078,0.22439,0.820525,0.709517,0.104757,0.016668,0.645363,0.54244
-1.0,0.0106538,0.805471,0.734693,0.0472247,0.950431,0.0336747,0.456728,0.500955,0.396925,0.0398937,0.0719229,0.488428,0.253613,0.0166472,0.247925,0.219492,0.578341,0.0594107,0.357032,0.227616,0.933698,0.683999,0.214412,0.0936345,0.381073,0.116657,0.94381,0.0538578,0.265708,0.0636595,0.159675,0.59678,0.667535,0.482383,0.903232,0.016744,0.623621,0.0732726,0.946233,0.0284024,0.0288787,0.0382702,0.857032,0.455876,0.806838,0.763051,0.157862,0.0166594,0.674472,0.543833
-1.0,0.01723,0.936968,0.816905,0.0668583,0.917655,0.0280256,0.469302,0.575841,0.414218,0.0706667,0.0642037,0.504167,0.314275,0.0230794,0.253901,0.232601,0.619665,0.0629152,0.354505,0.232599,0.913697,0.727043,0.208423,0.121252,0.382079,0.176964,0.942223,0.118637,0.330466,0.075718,0.17549,0.777913,0.650638,0.398659,0.89664,0.0202271,0.709595,0.157346,0.931322,0.038587,0.0439805,0.0521585,0.848358,0.509272,0.847332,0.690827,0.102934,0.0222318,0.717654,0.474244
-1.0,0.00999326,0.916855,0.837752,0.0452671,0.956253,0.0337068,0.623474,0.630438,0.401364,0.0433873,0.0549635,0.496135,0.283064,0.0148511,0.324632,0.265109,0.654664,0.0758443,0.459883,0.273866,0.951495,0.726426,0.191823,0.0979637,0.380691,0.162619,0.959727,0.0732774,0.292873,0.0663929,0.124232,0.735413,0.696814,0.460587,0.901256,0.0139913,0.735216,0.130706,0.933438,0.0382635,0.0358506,0.046083,0.859262,0.356383,0.852997,0.806189,0.0628516,0.0150157,0.695286,0.575893
-1.0,0.0115609,0.903672,0.779956,0.0545948,0.932093,0.0310768,0.475571,0.57748,0.418146,0.0478757,0.182144,0.431973,0.308253,0.0166787,0.240346,0.223689,0.668557,0.0915602,0.512419,0.200617,0.926534,0.680639,0.227571,0.12153,0.419183,0.156841,0.955619,0.108032,0.325481,0.0820879,0.12162,0.562772,0.636429,0.40792,0.880938,0.0179048,0.644291,0.14495,0.930982,0.0320856,0.0329943,0.0368477,0.823353,0.338826,0.838713,0.726651,0.129205,0.0171696,0.737485,0.439248
-1.0,0.0112442,0.803708,0.767735,0.0642118,0.938707,0.0298682,0.52876,0.638952,0.39005,0.0419009,0.118561,0.534959,0.28998,0.0154291,0.22034,0.232719,0.681252,0.0481633,0.501333,0.243981,0.938996,0.650948,0.212204,0.104531,0.451943,0.15079,0.952032,0.0931066,0.221891,0.0881496,0.0798605,0.665115,0.702056,0.304257,0.925741,0.0161511,0.687586,0.103893,0.945525,0.0282725,0.0299286,0.0387545,0.816291,0.326902,0.831263,0.83783,0.125741,0.0171514,0.688664,0.444723
-1.0,0.0102683,0.906917,0.79053,0.073103,0.9532,0.0403394,0.526476,0.536198,0.386649,0.0483918,0.154435,0.471282,0.301542,0.0169236,0.289612,0.230094,0.639709,0.0925732,0.52725,0.203939,0.943298,0.663524,0.188448,0.130828,0.414429,0.149074,0.948878,0.0831164,0.287727,0.081082,0.148925,0.615396,0.690726,0.429526,0.904589,0.0173922,0.712267,0.105647,0.947374,0.0394326,0.0512129,0.0457943,0.833911,0.281536,0.841929,0.72296,0.103559,0.0157224,0.689749,0.530688
-1.0,0.00907949,0.895895,0.777586,0.0583662,0.936963,0.0258277,0.50768,0.575641,0.394385,0.055432,0.165166,0.484958,0.257611,0.0153914,0.266879,0.22872,0.703033,0.0903207,0.383287,0.216626,0.950747,0.687039,0.228482,0.10832,0.421927,0.130288,0.948609,0.0958127,0.305247,0.081635,0.12667,0.626144,0.679633,0.445699,0.91583,0.0168036,0.701092,0.113397,0.935604,0.0338426,0.0309615,0.047104,0.847789,0.352657,0.843656,0.680788,0.128251,0.0142548,0.794695,0.47464
-1.0,0.0137443,0.87282,0.635178,0.0499043,0.943015,0.04368,0.416237,0.477764,0.35104,0.0489824,0.0965284,0.497649,0.283593,0.0144564,0.214369,0.14765,0.723674,0.073887,0.426746,0.168103,0.93301,0.623412,0.227797,0.087075,0.284169,0.124407,0.944183,0.0645808,0.151756,0.0710961,0.13403,0.624964,0.675025,0.570917,0.869397,0.0155879,0.759078,0.0798233,0.937616,0.0225178,0.0664955,0.0459266,0.783343,0.196792,0.655412,0.711526,0.0908831,0.0127012,0.687708,0.489531
-1.0,0.0107459,0.884077,0.775517,0.0514575,0.940278,0.0244259,0.419621,0.501167,0.3582,0.0464979,0.107116,0.411699,0.297387,0.0129908,0.20102,0.215894,0.69315,0.0632398,0.535797,0.203532,0.933814,0.686418,0.149611,0.112836,0.366356,0.140749,0.959948,0.099741,0.233792,0.047521,0.0940242,0.526511,0.675936,0.350952,0.906014,0.0142092,0.730951,0.143211,0.926774,0.0302307,0.030207,0.0374977,0.862732,0.314204,0.833788,0.719672,0.113317,0.0114538,0.738606,0.431635
-1.0,0.0111272,0.929479,0.584894,0.0458815,0.910911,0.036772,0.603406,0.54992,0.449199,0.045205,0.107871,0.515134,0.264836,0.0160663,0.233076,0.228277,0.67345,0.0475624,0.289266,0.225934,0.948653,0.731786,0.157486,0.110974,0.368922,0.124474,0.953047,0.0849044,0.29781,0.0550292,0.185287,0.677861,0.671349,0.57017,0.907068,0.0153675,0.710273,0.0951159,0.941003,0.0305992,0.0355291,0.029628,0.845015,0.518508,0.79468,0.721373,0.107336,0.0190602,0.71561,0.53395
-1.0,0.00710056,0.885215,0.759201,0.055671,0.971123,0.0323739,0.648614,0.552284,0.401394,0.0418638,0.123459,0.504569,0.26103,0.0176803,0.273532,0.211767,0.697229,0.0429032,0.299003,0.295956,0.956297,0.693808,0.25151,0.114071,0.425837,0.137742,0.957749,0.0551856,0.224465,0.0732098,0.0975212,0.574935,0.666978,0.497111,0.918061,0.0173026,0.730213,0.0848175,0.93302,0.0275774,0.0276092,0.0393765,0.83502,0.71087,0.876708,0.79576,0.126501,0.0154536,0.657753,0.651179
-1.0,0.0104033,0.726255,0.814696,0.0257693,0.681773,0.0188344,0.446594,0.565979,0.340281,0.0377683,0.0526127,0.565298,0.252906,0.0158946,0.245442,0.211767,0.658331,0.0753366,0.575408,0.22035,0.940438,0.654249,0.220173,0.0743562,0.433484,0.13562,0.951274,0.0715502,0.236574,0.0679451,0.152249,0.642846,0.709275,0.717145,0.913247,0.0139404,0.722465,0.0863674,0.940093,0.02728,0.0248957,0.0383406,0.883834,0.261371,0.833446,0.693922,0.0939114,0.0134103,0.706424,0.537951
-1.0,0.0107192,0.897119,0.752265,0.0467391,0.736414,0.0292132,0.545454,0.520235,0.36981,0.0446114,0.0999786,0.542154,0.277175,0.0161107,0.216208,0.195737,0.667834,0.0483867,0.237588,0.241057,0.93813,0.680649,0.269277,0.0840729,0.412736,0.206114,0.952122,0.0509581,0.307318,0.0743637,0.090596,0.71077,0.687967,0.36708,0.891019,0.0146382,0.676049,0.108698,0.910416,0.0205624,0.0242448,0.0421127,0.902677,0.394829,0.81995,0.754208,0.190018,0.0153544,0.647276,0.481096
-1.0,0.00921281,0.844692,0.641144,0.0585494,0.928929,0.0363554,0.570924,0.389406,0.379582,0.0410531,0.02615,0.432699,0.24082,0.00953645,0.231472,0.184851,0.390329,0.0769511,0.214932,0.259288,0.792076,0.608097,0.0850777,0.153822,0.40997,0.140092,0.945131,0.0386987,0.189658,0.112106,0.185842,0.590932,0.676477,0.418908,0.928506,0.0176455,0.579122,0.0615124,0.947594,0.0298688,0.0495585,0.0442497,0.851124,0.323165,0.843782,0.831423,0.144034,0.0156257,0.65014,0.562507
-1.0,0.0104045,0.864635,0.773056,0.0408376,0.94827,0.0284586,0.38597,0.537794,0.411154,0.0568387,0.0666395,0.438649,0.282931,0.0120162,0.199354,0.215993,0.630445,0.078376,0.419048,0.235261,0.896762,0.615366,0.187837,0.14435,0.368275,0.087528,0.959187,0.0798555,0.263233,0.0824147,0.107406,0.624751,0.710777,0.585553,0.915245,0.0142551,0.709738,0.177619,0.937242,0.0242509,0.0334098,0.0435628,0.875266,0.367116,0.781443,0.758421,0.100242,0.0136264,0.667934,0.478584
-1.0,0.00965444,0.881922,0.656407,0.0501109,0.937408,0.0462221,0.513425,0.571937,0.38853,0.0373131,0.0714821,0.562794,0.252097,0.0166354,0.225486,0.173282,0.649398,0.0788016,0.158176,0.149393,0.942923,0.623917,0.296935,0.0954428,0.343628,0.132987,0.950768,0.0675426,0.256528,0.071948,0.166777,0.690074,0.625359,0.537112,0.881116,0.0149821,0.686534,0.0984523,0.945364,0.0286151,0.0566408,0.0466203,0.838859,0.399066,0.732898,0.733303,0.0926712,0.0132956,0.629381,0.501267
-1.0,0.0165531,0.897995,0.715768,0.0652523,0.940082,0.0352081,0.570749,0.578243,0.46445,0.057052,0.184986,0.468567,0.317886,0.0225722,0.313292,0.287551,0.667376,0.114056,0.360686,0.245243,0.917456,0.65643,0.298486,0.13606,0.37814,0.136189,0.944598,0.130876,0.319858,0.106948,0.130282,0.633575,0.642894,0.544308,0.907529,0.0226178,0.658421,0.107039,0.927364,0.0475747,0.0429204,0.0436442,0.859062,0.358715,0.806638,0.753519,0.146894,0.0246037,0.619409,0.465758
-1.0,0.00932477,0.935451,0.647559,0.0480208,0.95491,0.0319325,0.415282,0.508876,0.37648,0.0422267,0.0717204,0.493888,0.246616,0.0153943,0.242058,0.189211,0.634455,0.0777797,0.483073,0.189958,0.947414,0.681518,0.211838,0.111008,0.376361,0.111777,0.958683,0.05352,0.217222,0.0473443,0.139932,0.560308,0.675559,0.59329,0.891477,0.0139014,0.659726,0.0969855,0.961776,0.0260889,0.038821,0.0402444,0.862355,0.154249,0.719051,0.776439,0.0585752,0.0135658,0.684796,0.490129
-1.0,0.0111879,0.897055,0.667867,0.0404077,0.944212,0.0288806,0.535914,0.571853,0.403886,0.0319473,0.0254731,0.454665,0.296573,0.0161093,0.234826,0.207042,0.665333,0.0630286,0.488911,0.225601,0.955196,0.665715,0.220854,0.134212,0.411912,0.121416,0.948101,0.0964267,0.254994,0.0829607,0.150304,0.630588,0.641322,0.489218,0.911056,0.0123748,0.71945,0.0857557,0.937966,0.0244659,0.0347512,0.0323249,0.801693,0.30499,0.798281,0.775611,0.0934063,0.0128931,0.669092,0.502373
-1.0,0.00675689,0.931964,0.819592,0.0447227,0.958555,0.0320093,0.567637,0.669498,0.370824,0.0325985,0.0553512,0.536176,0.222429,0.0125079,0.322484,0.198976,0.734223,0.0509147,0.375572,0.321731,0.950525,0.682411,0.260792,0.0811238,0.459715,0.161881,0.969828,0.0280717,0.138622,0.0720317,0.128187,0.680124,0.714133,0.536223,0.924975,0.0141624,0.810683,0.108416,0.946385,0.0273126,0.0322536,0.0350408,0.851363,0.415747,0.892229,0.821658,0.0799892,0.0104497,0.744823,0.54441
-1.0,0.0122123,0.888514,0.825626,0.0464355,0.956396,0.0272855,0.589536,0.591833,0.414403,0.0524562,0.0565157,0.531459,0.233563,0.0147187,0.278367,0.209165,0.659623,0.0381607,0.450555,0.274899,0.944251,0.657153,0.270252,0.0835274,0.401452,0.111688,0.957035,0.0529726,0.236944,0.0772888,0.102624,0.563053,0.700784,0.469752,0.918248,0.0153463,0.764643,0.0985505,0.931407,0.030552,0.0371622,0.0340391,0.939538,0.387678,0.848319,0.808578,0.0723868,0.0128274,0.680553,0.512859
-1.0,0.0105956,0.899755,0.52436,0.0626822,0.947283,0.0240083,0.409845,0.56824,0.385273,0.0364888,0.0357944,0.62287,0.268939,0.0175419,0.210644,0.212172,0.560008,0.0560451,0.323351,0.236956,0.946862,0.711521,0.255459,0.107491,0.446428,0.14354,0.955664,0.128177,0.246442,0.0618064,0.0804734,0.598736,0.711744,0.483607,0.914765,0.0165421,0.711443,0.122054,0.92147,0.0265984,0.0414172,0.036408,0.828887,0.312721,0.82608,0.812987,0.18116,0.0132186,0.659228,0.461762
-1.0,0.0107401,0.89689,0.876354,0.145154,0.937652,0.0889085,0.43283,0.697139,0.263271,0.0331139,0.264607,0.778227,0.317458,0.0143936,0.214398,0.164331,0.373016,0.285825,0.42004,0.212332,0.945842,0.673149,0.23222,0.268703,0.447132,0.164962,0.953946,0.233272,0.405489,0.144272,0.443653,0.478633,0.683136,0.513825,0.65757,0.0129417,0.751788,0.157803,0.93286,0.0283455,0.0524771,0.0438937,0.902197,0.308291,0.862809,0.794175,0.293047,0.0247008,0.594446,0.614214
-1.0,0.010663,0.891792,0.697325,0.0313954,0.931489,0.026211,0.361723,0.622494,0.293074,0.0478952,0.0570697,0.471529,0.222199,0.0163184,0.154846,0.151247,0.650014,0.0546177,0.519659,0.243864,0.950605,0.709109,0.235646,0.0773807,0.412494,0.136274,0.951876,0.0691763,0.252409,0.048871,0.0937826,0.694937,0.604854,0.623238,0.893539,0.015014,0.663731,0.114488,0.92524,0.0221846,0.024604,0.0457373,0.81464,0.240565,0.822984,0.775617,0.137209,0.0159945,0.674622,0.448582
-1.0,0.00928288,0.933269,0.787996,0.0440589,0.9398,0.0342689,0.560295,0.591716,0.363427,0.0503166,0.0678441,0.52105,0.233559,0.0142226,0.26288,0.235393,0.622382,0.0788332,0.28543,0.257075,0.932839,0.727167,0.335715,0.0757288,0.472908,0.181454,0.954757,0.0872674,0.300824,0.0800538,0.180682,0.758689,0.701233,0.623765,0.894095,0.0145252,0.699421,0.135908,0.932489,0.0420356,0.0357234,0.0488083,0.828751,0.285486,0.859777,0.88937,0.117339,0.0172321,0.758457,0.537438
-1.0,0.0117321,0.904488,0.784002,0.039674,0.923719,0.0317781,0.481258,0.569131,0.3474,0.0487215,0.0671442,0.4964,0.237939,0.0152046,0.26427,0.196723,0.617651,0.0550611,0.248522,0.262134,0.917199,0.697517,0.384557,0.0833523,0.45095,0.11069,0.951581,0.0716542,0.27568,0.0729272,0.191926,0.701736,0.71727,0.594676,0.918753,0.0142162,0.727938,0.114365,0.932896,0.0297073,0.0337404,0.0367579,0.89452,0.260706,0.841091,0.821388,0.140622,0.0121576,0.73563,0.536566
-1.0,0.01464,0.89142,0.692729,0.0495057,0.942073,0.0500037,0.530066,0.540849,0.48796,0.0568246,0.133358,0.528448,0.322472,0.0252303,0.30751,0.255515,0.615772,0.0843269,0.336428,0.270549,0.936104,0.680933,0.308378,0.139091,0.42106,0.126928,0.945166,0.130199,0.386279,0.083737,0.180563,0.646765,0.667107,0.588024,0.924547,0.0208764,0.695954,0.129537,0.936226,0.0442219,0.033889,0.0404208,0.834196,0.349947,0.832138,0.843965,0.137248,0.0201196,0.700034,0.496448
-1.0,0.00756064,0.893919,0.679937,0.0645638,0.939401,0.0318741,0.459587,0.600719,0.354947,0.0416898,0.0431795,0.400284,0.257393,0.0151681,0.25777,0.263371,0.65224,0.053004,0.389177,0.199729,0.947015,0.679042,0.208088,0.111809,0.36712,0.182306,0.958504,0.0705507,0.335613,0.0656264,0.166618,0.526137,0.696469,0.411626,0.912427,0.0137587,0.714347,0.118561,0.914732,0.0269673,0.0427145,0.0325504,0.902057,0.359226,0.822638,0.789387,0.0644046,0.013082,0.746439,0.51522
-1.0,0.0125413,0.867358,0.79658,0.0479609,0.940633,0.0259049,0.617184,0.604324,0.456735,0.0388275,0.1472,0.566394,0.318953,0.0162296,0.283492,0.207034,0.717943,0.0587166,0.337237,0.264106,0.943919,0.684122,0.279221,0.0881459,0.389264,0.136977,0.953297,0.072771,0.303678,0.0604384,0.118769,0.591785,0.64841,0.457916,0.937408,0.0140527,0.726807,0.144663,0.932615,0.030807,0.0300403,0.0266449,0.874413,0.353021,0.871694,0.821469,0.21383,0.0166735,0.686629,0.472449
-1.0,0.0113469,0.934099,0.671527,0.0452292,0.932675,0.0369582,0.468948,0.548423,0.395833,0.047895,0.135486,0.456733,0.325754,0.0185819,0.235859,0.16807,0.672265,0.0649131,0.412206,0.207541,0.932242,0.670665,0.180636,0.104994,0.379926,0.164616,0.941428,0.102202,0.297976,0.0658294,0.116696,0.663165,0.702551,0.502032,0.898271,0.0169419,0.70649,0.0926357,0.923582,0.0358203,0.0314366,0.0323121,0.862449,0.327275,0.851438,0.713051,0.148398,0.0197401,0.674358,0.557296
-1.0,0.011539,0.944986,0.827874,0.0415974,0.92813,0.0307833,0.441551,0.514698,0.378178,0.0406899,0.105378,0.567013,0.309316,0.0142376,0.240485,0.198526,0.663235,0.0566438,0.319236,0.262709,0.944457,0.675944,0.333741,0.0914391,0.444804,0.111973,0.95758,0.0929011,0.240244,0.0673662,0.139894,0.707988,0.631996,0.471584,0.92826,0.0132734,0.702206,0.119353,0.940006,0.0284759,0.0321081,0.0381313,0.864333,0.3987,0.826451,0.733678,0.130094,0.016051,0.698344,0.462487
-1.0,0.0107933,0.828957,0.663901,0.0380468,0.93834,0.0280587,0.510335,0.511556,0.414518,0.0531156,0.0392313,0.450615,0.251871,0.0159509,0.236258,0.214285,0.708793,0.0548245,0.474311,0.254053,0.951008,0.654846,0.251422,0.0875837,0.378765,0.131459,0.956429,0.0817981,0.285533,0.0635329,0.0488034,0.684194,0.732995,0.521905,0.87818,0.0140932,0.756379,0.0798363,0.926964,0.0244617,0.0275068,0.0300609,0.851865,0.279791,0.798767,0.767988,0.0973362,0.0141684,0.662887,0.43061
-1.0,0.0116552,0.952391,0.765928,0.0466344,0.930178,0.0312624,0.618631,0.618023,0.355265,0.0434412,0.0880028,0.402472,0.319593,0.0162764,0.306806,0.219846,0.71048,0.0670041,0.414334,0.289217,0.951415,0.728263,0.354254,0.108833,0.428813,0.137586,0.959065,0.0974738,0.302712,0.0696586,0.131499,0.764755,0.609325,0.466373,0.906566,0.0142414,0.691534,0.131946,0.912963,0.0285148,0.0276396,0.0296368,0.830447,0.544292,0.809028,0.825201,0.190684,0.0141126,0.561416,0.610382
-1.0,0.0092454,0.874048,0.784409,0.0497193,0.921569,0.0354878,0.584627,0.548738,0.393359,0.0441738,0.197043,0.611048,0.2565,0.0178401,0.25691,0.212603,0.652944,0.077348,0.324983,0.212726,0.926623,0.678251,0.325693,0.109919,0.412595,0.133309,0.949204,0.0651788,0.253915,0.0598569,0.110591,0.64782,0.679304,0.517614,0.916452,0.0148975,0.710581,0.10161,0.931051,0.0292944,0.0265342,0.0373065,0.81265,0.271961,0.854411,0.79397,0.0896756,0.0162033,0.697608,0.474523
-1.0,0.0115401,0.860477,0.624481,0.0564271,0.918134,0.0535493,0.38298,0.409313,0.355875,0.0495079,0.141105,0.579289,0.202109,0.0157818,0.20001,0.137758,0.665782,0.079496,0.388951,0.0787273,0.923094,0.683198,0.153833,0.0969627,0.245875,0.160041,0.936109,0.0846647,0.127727,0.0671567,0.157989,0.463728,0.763059,0.532133,0.911875,0.0144974,0.679034,0.0760302,0.949908,0.0277196,0.0322716,0.0451751,0.770261,0.155254,0.795427,0.787376,0.0660675,0.0169955,0.703091,0.382248
-1.0,0.0120011,0.845416,0.732029,0.0566294,0.935662,0.0478135,0.541654,0.500642,0.381667,0.0479898,0.168936,0.589283,0.284064,0.0160752,0.223761,0.187221,0.641571,0.0857619,0.361454,0.180719,0.943724,0.6697,0.330538,0.100593,0.399984,0.162293,0.956397,0.0768765,0.218196,0.0811439,0.119091,0.654264,0.675849,0.533681,0.910218,0.0153867,0.688728,0.126154,0.934143,0.0307165,0.0322062,0.034556,0.820474,0.234653,0.795758,0.825634,0.0915852,0.01618,0.686581,0.447785
-1.0,0.0129177,0.916329,0.785173,0.058486,0.934472,0.0260327,0.494036,0.573415,0.372739,0.0413587,0.173846,0.502017,0.278593,0.0190669,0.217849,0.181485,0.682318,0.0849044,0.406066,0.176446,0.927823,0.701539,0.328861,0.112185,0.434398,0.178427,0.950721,0.080265,0.256893,0.0598604,0.154377,0.681458,0.609949,0.447313,0.847839,0.0158399,0.652761,0.113671,0.910991,0.0261264,0.0413805,0.0401873,0.847863,0.249019,0.821901,0.767636,0.0842769,0.0170846,0.702361,0.444176
-1.0,0.00825595,0.902163,0.776286,0.037267,0.929348,0.0294621,0.526674,0.564016,0.341351,0.040496,0.0552027,0.516689,0.274091,0.0160102,0.281758,0.201116,0.589768,0.0580412,0.452093,0.221,0.940399,0.685183,0.184284,0.107144,0.419216,0.135388,0.948208,0.0995863,0.253843,0.0552468,0.116217,0.690596,0.682202,0.413319,0.933747,0.0145578,0.717611,0.129071,0.904729,0.0280422,0.0252964,0.0407851,0.853149,0.343032,0.818619,0.85755,0.1629,0.017156,0.749442,0.538447
-1.0,0.0105768,0.864586,0.745383,0.0410313,0.923661,0.0318104,0.555003,0.553758,0.278076,0.043993,0.0397262,0.572981,0.19687,0.0154501,0.185112,0.177822,0.581686,0.0476774,0.441443,0.192061,0.939678,0.697385,0.142529,0.0704736,0.428012,0.108116,0.953765,0.0592209,0.198256,0.0570573,0.0855503,0.647884,0.610602,0.469188,0.896871,0.00784883,0.677463,0.131383,0.931236,0.027345,0.02189,0.027825,0.824765,0.296268,0.820002,0.82132,0.166992,0.0143661,0.626008,0.443564
-1.0,0.082489,0.914277,0.790549,0.0519305,0.930034,0.0295072,0.494395,0.509525,0.474388,0.0445818,0.137446,0.497843,0.315642,0.0151487,0.228167,0.22914,0.665139,0.0754259,0.328295,0.196654,0.944408,0.683913,0.268092,0.0940384,0.412557,0.107815,0.952211,0.094083,0.2902,0.0809899,0.146061,0.648271,0.643462,0.487755,0.907987,0.0135385,0.746467,0.106075,0.946495,0.0316908,0.0311414,0.0402193,0.869736,0.28271,0.823987,0.739211,0.0772773,0.0176839,0.726895,0.511535
-1.0,0.00789103,0.913086,0.66963,0.0529052,0.937297,0.0421917,0.495307,0.631376,0.272763,0.042719,0.0502159,0.569937,0.184356,0.0140373,0.255403,0.277459,0.443486,0.0706038,0.307847,0.188704,0.91368,0.680114,0.205877,0.100177,0.364576,0.180461,0.962342,0.0707506,0.197868,0.0445885,0.171785,0.668276,0.792282,0.524185,0.910366,0.0111701,0.680777,0.0820572,0.956123,0.0282728,0.0483255,0.0376217,0.823287,0.285069,0.866325,0.835408,0.0920675,0.0108755,0.707535,0.546506
-1.0,0.0129909,0.909278,0.835531,0.0477913,0.950487,0.039064,0.441495,0.529394,0.426147,0.0426723,0.112799,0.5072,0.294691,0.0192177,0.257353,0.216134,0.654189,0.0784505,0.483436,0.278392,0.910937,0.682462,0.262048,0.112035,0.41078,0.117069,0.950974,0.102486,0.396665,0.0484874,0.245617,0.653457,0.673581,0.54239,0.893016,0.0166398,0.6767,0.116349,0.931444,0.029756,0.0338107,0.0369611,0.868924,0.308816,0.826153,0.74985,0.212003,0.0191845,0.673284,0.514883
-1.0,0.0115118,0.874939,0.775946,0.0459829,0.927299,0.0300642,0.569754,0.532913,0.391363,0.0347427,0.197011,0.561473,0.233141,0.0167628,0.242063,0.204294,0.66684,0.074255,0.308321,0.235588,0.922314,0.660732,0.360877,0.0969991,0.399676,0.194571,0.961665,0.078638,0.207015,0.0845915,0.132889,0.626229,0.676776,0.564043,0.911632,0.0141016,0.707566,0.0909776,0.939988,0.0289603,0.0301617,0.0335695,0.848739,0.234474,0.811839,0.797984,0.0911834,0.0117223,0.692361,0.506927
-1.0,0.0104932,0.895949,0.806471,0.0606643,0.694331,0.027315,0.492432,0.573929,0.403811,0.0449579,0.0988854,0.529416,0.267255,0.0157994,0.280142,0.242138,0.616642,0.0710151,0.326362,0.300144,0.936739,0.681906,0.186234,0.107895,0.417306,0.114654,0.946394,0.073743,0.339121,0.0450674,0.135632,0.695655,0.646464,0.507092,0.898176,0.0134734,0.728702,0.123483,0.921441,0.0256342,0.0284055,0.0349249,0.820148,0.330014,0.813104,0.805579,0.0961063,0.017437,0.651292,0.543624
-1.0,0.0117777,0.937676,0.763366,0.0525662,0.939136,0.0397437,0.52341,0.567658,0.425452,0.0426721,0.177404,0.35044,0.375413,0.014429,0.25076,0.238477,0.742459,0.0612843,0.510125,0.221541,0.947739,0.73753,0.18902,0.09879,0.409874,0.135537,0.946892,0.0725611,0.436808,0.0860433,0.237879,0.648179,0.658648,0.405906,0.872799,0.0152595,0.671793,0.0763567,0.929171,0.0315976,0.0342043,0.0467853,0.855498,0.270192,0.828108,0.764041,0.103829,0.0250611,0.756889,0.554421
-1.0,0.0137801,0.936157,0.777579,0.0456249,0.939079,0.0339599,0.40924,0.574137,0.442379,0.0488856,0.133092,0.416364,0.296996,0.0151329,0.275566,0.190552,0.666239,0.0762368,0.337259,0.210642,0.885084,0.665809,0.321653,0.0733198,0.421604,0.15351,0.939921,0.0697249,0.233678,0.0720797,0.0993078,0.652236,0.643926,0.388296,0.911568,0.0144283,0.718701,0.105255,0.942714,0.0293281,0.0352657,0.037451,0.853985,0.378184,0.84504,0.877645,0.162056,0.0179756,0.706149,0.54443
-1.0,0.0119887,0.904481,0.775839,0.0641669,0.945248,0.0196167,0.474813,0.628028,0.374939,0.0588619,0.21276,0.369635,0.327477,0.0149275,0.289348,0.274281,0.663988,0.0574897,0.188672,0.263696,0.935528,0.681595,0.20476,0.0901858,0.392169,0.181384,0.958852,0.0654399,0.197773,0.0766792,0.153836,0.648908,0.747569,0.475148,0.908308,0.0159492,0.773384,0.124994,0.929259,0.0244161,0.0324953,0.0322728,0.868357,0.276555,0.834506,0.742901,0.116584,0.0113214,0.723306,0.469687
-1.0,0.00994537,0.90046,0.792486,0.0614819,0.957937,0.0353236,0.560029,0.66961,0.418941,0.0440226,0.319928,0.429912,0.295,0.0142502,0.264358,0.213612,0.72502,0.0508895,0.228158,0.354975,0.939339,0.741742,0.328755,0.108756,0.448883,0.09409,0.962822,0.0727644,0.429147,0.0697109,0.130945,0.732461,0.72768,0.6241,0.929955,0.0147497,0.688793,0.146753,0.929513,0.0190346,0.0252521,0.0343936,0.80203,0.418055,0.817992,0.85399,0.174882,0.0102316,0.727494,0.620391
-1.0,0.00990059,0.897404,0.601499,0.0576951,0.945516,0.0342987,0.450151,0.612473,0.400982,0.0404717,0.11619,0.521926,0.254358,0.0170682,0.226038,0.199716,0.589355,0.0819254,0.274027,0.232736,0.935873,0.704794,0.170179,0.0948061,0.39277,0.140384,0.946018,0.103783,0.294119,0.0600573,0.0989419,0.72965,0.678725,0.53704,0.916846,0.0135189,0.741891,0.123855,0.926606,0.0215964,0.0267321,0.0516345,0.902687,0.460306,0.834237,0.762385,0.142678,0.0162375,0.66731,0.360871
-1.0,0.0104598,0.869224,0.662707,0.0446436,0.770288,0.0397213,0.422574,0.59459,0.381715,0.0382707,0.122105,0.495164,0.228041,0.0166666,0.217537,0.17869,0.703234,0.090656,0.282385,0.146364,0.943107,0.61748,0.185785,0.0946886,0.318159,0.142366,0.950238,0.0721339,0.166978,0.0564784,0.165502,0.602018,0.636237,0.564868,0.882573,0.0122399,0.764859,0.0929295,0.944751,0.0277079,0.0384893,0.0489556,0.857075,0.223643,0.787363,0.739836,0.0713095,0.0133487,0.643128,0.509517
-1.0,0.00954116,0.952188,0.80228,0.0499664,0.950253,0.0367515,0.665336,0.598719,0.426189,0.037474,0.134214,0.45641,0.32026,0.0153795,0.277648,0.251979,0.722299,0.0610538,0.347865,0.329609,0.952967,0.5964,0.409198,0.0922763,0.417409,0.126139,0.957576,0.081167,0.319097,0.0620108,0.113023,0.742765,0.581925,0.493977,0.921677,0.0147613,0.727362,0.109996,0.934946,0.0270092,0.0267753,0.0378696,0.862831,0.638397,0.831118,0.852492,0.0985341,0.0154822,0.616854,0.555547
-1.0,0.0108011,0.895501,0.773601,0.0560092,0.944317,0.0301813,0.458504,0.620916,0.394458,0.0421835,0.140367,0.508355,0.334618,0.0182835,0.294419,0.228842,0.676078,0.0719464,0.363485,0.25995,0.946392,0.670263,0.205366,0.0987751,0.43178,0.100759,0.938797,0.0905472,0.351644,0.0568788,0.168984,0.746557,0.633656,0.620555,0.919735,0.0162394,0.69381,0.158069,0.937106,0.0280965,0.0313124,0.041979,0.906628,0.383536,0.850543,0.782499,0.180079,0.0164669,0.62514,0.657295
-1.0,0.0110424,0.879711,0.453984,0.0520175,0.942869,0.0265163,0.532682,0.588178,0.465563,0.0560115,0.136931,0.433303,0.361759,0.0168793,0.324292,0.255042,0.667211,0.0432917,0.278678,0.359157,0.943511,0.663006,0.389083,0.201999,0.471075,0.0959073,0.952335,0.123621,0.338909,0.22976,0.102295,0.652219,0.726326,0.340145,0.913081,0.0153768,0.622715,0.212861,0.912874,0.0300664,0.0278569,0.032762,0.865876,0.697684,0.788388,0.878352,0.219316,0.0179771,0.632048,0.509371
-1.0,0.00942012,0.888121,0.784634,0.0492582,0.851687,0.0526509,0.469326,0.577763,0.419256,0.0499119,0.119913,0.461098,0.251942,0.0158492,0.270473,0.214875,0.673804,0.0826862,0.318879,0.223394,0.933408,0.648044,0.272813,0.0999685,0.41463,0.118374,0.95119,0.0763167,0.297703,0.042699,0.167914,0.706147,0.695455,0.468699,0.877628,0.0143954,0.737169,0.0929371,0.930707,0.0298332,0.0410118,0.043518,0.824975,0.319985,0.808036,0.790005,0.146032,0.0154861,0.665552,0.474526
-1.0,0.0101862,0.888175,0.677184,0.0595441,0.936815,0.0316347,0.545293,0.631591,0.397625,0.0496647,0.226303,0.351495,0.261189,0.01606,0.285037,0.219986,0.706257,0.0542834,0.164419,0.255028,0.943635,0.68741,0.234723,0.113759,0.36031,0.144567,0.951228,0.103384,0.260863,0.0836361,0.132666,0.601689,0.705959,0.677346,0.870516,0.0132345,0.737618,0.114122,0.916283,0.0279167,0.0448353,0.0362934,0.791231,0.405497,0.802117,0.755173,0.155262,0.014806,0.697612,0.460448
-1.0,0.0102311,0.94966,0.712609,0.0431599,0.94765,0.0247277,0.537182,0.59953,0.441219,0.0412863,0.161225,0.38357,0.294217,0.0161241,0.222189,0.209743,0.730339,0.0761983,0.341479,0.222233,0.928245,0.686067,0.205875,0.107677,0.422568,0.157942,0.945618,0.087394,0.339435,0.0949579,0.0934967,0.58521,0.651363,0.466761,0.895639,0.01416,0.667048,0.091964,0.931486,0.0247254,0.0350329,0.0414314,0.844686,0.257794,0.901121,0.805826,0.0683986,0.0184359,0.66328,0.511536
-1.0,0.0108605,0.88033,0.78158,0.0403531,0.93436,0.0274916,0.599179,0.699049,0.352761,0.0425132,0.119116,0.37147,0.264255,0.0172498,0.248491,0.243396,0.705086,0.0526386,0.260239,0.288615,0.951056,0.606735,0.243917,0.07638,0.422788,0.15007,0.951448,0.0552697,0.308817,0.0818522,0.0730668,0.619597,0.607841,0.616899,0.929655,0.0146804,0.711074,0.109082,0.933285,0.031119,0.0350151,0.0370307,0.846213,0.349697,0.836982,0.76944,0.0757642,0.0145239,0.590936,0.54541
-1.0,0.0124344,0.929229,0.696071,0.0566646,0.922528,0.0290582,0.509389,0.577883,0.474105,0.0467109,0.219495,0.412539,0.318504,0.0132269,0.303327,0.282742,0.653542,0.0579863,0.373233,0.251937,0.955184,0.658059,0.253628,0.106326,0.428483,0.124365,0.943403,0.119671,0.369981,0.0636866,0.140847,0.622434,0.674941,0.561222,0.916428,0.0143928,0.630592,0.143974,0.922709,0.0283055,0.0374742,0.0386431,0.850483,0.657896,0.857798,0.818998,0.181236,0.0183043,0.630463,0.595481
