class,cg05415871,cg14383422,cg03735012,cg01596963,cg22795586
1.0,0.80478,0.139431,0.146258,0.401947,0.279293
1.0,0.893383,0.270722,0.218401,0.497884,0.309239
1.0,0.796579,0.321491,0.354245,0.462709,0.37708
1.0,0.829237,0.307726,0.375306,0.473852,0.378433
1.0,0.938527,0.447738,0.4692,0.510048,0.495333
1.0,0.893996,0.466896,0.539266,0.481182,0.497491
1.0,0.952152,0.317287,0.428537,0.449643,0.436574
1.0,0.860574,0.404634,0.425336,0.473321,0.437968
1.0,0.680104,0.436383,0.423594,0.474686,0.525385
1.0,0.907231,0.423329,0.491859,0.530935,0.496337
1.0,0.7404,0.0871969,0.352093,0.437551,0.33523
1.0,0.954201,0.376248,0.508859,0.484646,0.582139
1.0,0.958665,0.354792,0.483883,0.495706,0.425098
1.0,0.962496,0.337175,0.437526,0.497135,0.41141
1.0,0.958672,0.419107,0.439203,0.508622,0.502136
1.0,0.971065,0.362588,0.454567,0.522418,0.45422
1.0,0.967897,0.433069,0.547049,0.543488,0.563752
-1.0,0.93443,0.427443,0.488128,0.568351,0.591
-1.0,0.92605,0.472069,0.538947,0.514262,0.502553
-1.0,0.905877,0.503964,0.572618,0.557983,0.552735
-1.0,0.958454,0.429458,0.536546,0.621199,0.591966
-1.0,0.955785,0.37946,0.513288,0.506364,0.580728
-1.0,0.963511,0.623716,0.61742,0.526324,0.67641
-1.0,0.947845,0.406798,0.518557,0.498512,0.373033
-1.0,0.946919,0.487589,0.515605,0.563129,0.545494
-1.0,0.958171,0.565009,0.551666,0.608441,0.687194
-1.0,0.970658,0.381756,0.459528,0.568589,0.46905
-1.0,0.971166,0.263055,0.397818,0.55903,0.495753
-1.0,0.906422,0.570849,0.520404,0.526142,0.609812
-1.0,0.942121,0.442542,0.532426,0.534077,0.543068
-1.0,0.936193,0.527878,0.532735,0.538174,0.632456
-1.0,0.957671,0.561719,0.57683,0.540786,0.659041
-1.0,0.95691,0.446054,0.503442,0.517849,0.449718
-1.0,0.958749,0.56337,0.567595,0.595793,0.629025
-1.0,0.966151,0.429799,0.481354,0.533716,0.428558
-1.0,0.956656,0.521867,0.507101,0.545031,0.575843
-1.0,0.975003,0.515669,0.527997,0.57845,0.574951
-1.0,0.972814,0.55999,0.574809,0.556831,0.687933
-1.0,0.965784,0.668887,0.587721,0.576233,0.692213
-1.0,0.946534,0.52772,0.597189,0.57407,0.605289
-1.0,0.923015,0.486255,0.614889,0.473845,0.571662
-1.0,0.975469,0.367066,0.524456,0.500664,0.53167
-1.0,0.960493,0.522549,0.568302,0.55441,0.625745
-1.0,0.963191,0.582974,0.582877,0.597493,0.671335
-1.0,0.944923,0.502528,0.530371,0.530444,0.532603
-1.0,0.924313,0.583388,0.58022,0.542988,0.578465
-1.0,0.962753,0.608342,0.629259,0.594128,0.664922
-1.0,0.959384,0.393828,0.495635,0.541678,0.531925
-1.0,0.966427,0.529656,0.513286,0.553082,0.540387
-1.0,0.961174,0.46572,0.578508,0.523663,0.608272
-1.0,0.967511,0.420607,0.536164,0.59168,0.577002
-1.0,0.939752,0.452018,0.529576,0.545578,0.590604
-1.0,0.957783,0.557676,0.6148,0.576292,0.655899
-1.0,0.966357,0.535186,0.497624,0.583141,0.607331
-1.0,0.95717,0.504632,0.527847,0.533087,0.608972
-1.0,0.957928,0.43485,0.518972,0.552884,0.512943
-1.0,0.963525,0.569955,0.568208,0.571905,0.703311
-1.0,0.953519,0.393495,0.482579,0.510205,0.498653
-1.0,0.962975,0.510236,0.569591,0.572484,0.657079
-1.0,0.965579,0.555856,0.561116,0.604495,0.635812
-1.0,0.946096,0.689322,0.573483,0.548892,0.618477
-1.0,0.939229,0.367023,0.414909,0.53211,0.532047
-1.0,0.947257,0.437382,0.491047,0.562393,0.596743
-1.0,0.964077,0.626891,0.564614,0.559245,0.671826
-1.0,0.949384,0.647715,0.633565,0.585994,0.754124
-1.0,0.955887,0.484133,0.572969,0.544759,0.626593
-1.0,0.939296,0.663171,0.600962,0.590011,0.633672
-1.0,0.943514,0.535505,0.562913,0.499653,0.570921
-1.0,0.966889,0.528822,0.533945,0.534219,0.587716
-1.0,0.965509,0.442511,0.514565,0.52393,0.614396
-1.0,0.957809,0.515621,0.534215,0.584194,0.605676
-1.0,0.966773,0.569129,0.598839,0.591439,0.686155
-1.0,0.978368,0.679816,0.619044,0.612775,0.761696
-1.0,0.976219,0.503197,0.484098,0.580407,0.613657
-1.0,0.953134,0.529488,0.558847,0.563019,0.618614
-1.0,0.955475,0.533971,0.582251,0.575741,0.636023
-1.0,0.960839,0.569721,0.531627,0.587526,0.664146
-1.0,0.948106,0.540781,0.535013,0.553377,0.594789
-1.0,0.914276,0.498617,0.516739,0.571113,0.559786
-1.0,0.952797,0.621305,0.579097,0.585154,0.632134
-1.0,0.95749,0.554026,0.559674,0.577242,0.627956
-1.0,0.980307,0.64094,0.618909,0.699381,0.757109
-1.0,0.977531,0.542608,0.569795,0.559405,0.664578
-1.0,0.966946,0.540991,0.559224,0.603898,0.589977
-1.0,0.950842,0.630813,0.648206,0.611657,0.77051
-1.0,0.96948,0.549761,0.552457,0.552232,0.575615
-1.0,0.955253,0.685757,0.593713,0.591043,0.659402
-1.0,0.969705,0.635695,0.566713,0.569771,0.648284
-1.0,0.969795,0.626911,0.612053,0.589061,0.73471
-1.0,0.966639,0.561629,0.587519,0.61309,0.676259
-1.0,0.953469,0.402203,0.513665,0.533623,0.536679
-1.0,0.954131,0.540876,0.561421,0.544366,0.631992
-1.0,0.975576,0.611486,0.548543,0.615272,0.669085
-1.0,0.940177,0.584294,0.603851,0.609203,0.715388
-1.0,0.941239,0.612546,0.553882,0.57637,0.689658
-1.0,0.96678,0.516691,0.528882,0.5845,0.621725
-1.0,0.973015,0.603061,0.559487,0.623935,0.620954
-1.0,0.964207,0.693249,0.633555,0.67715,0.777956
-1.0,0.970027,0.494267,0.534937,0.562742,0.615191
-1.0,0.962088,0.555581,0.57219,0.589242,0.594153
-1.0,0.963183,0.514771,0.618051,0.560778,0.647459
-1.0,0.966735,0.620518,0.557181,0.547129,0.708136
-1.0,0.963263,0.589036,0.563676,0.634078,0.709794
-1.0,0.970936,0.617315,0.570005,0.606696,0.691351
-1.0,0.974019,0.654221,0.583716,0.613562,0.724991
1.0,0.88558,0.291894,0.342491,0.498943,0.350241
1.0,0.96959,0.380807,0.471969,0.500444,0.530468
1.0,0.900322,0.459824,0.364305,0.493293,0.465058
1.0,0.944356,0.364862,0.486452,0.519351,0.506174
1.0,0.895655,0.375866,0.42267,0.489398,0.494312
1.0,0.871255,0.512831,0.55856,0.497471,0.496737
-1.0,0.957527,0.463112,0.399504,0.543282,0.478212
-1.0,0.972253,0.462651,0.573587,0.564056,0.52611
-1.0,0.941036,0.606767,0.553126,0.541821,0.579254
-1.0,0.954186,0.440999,0.504438,0.508256,0.531189
-1.0,0.976996,0.423836,0.493291,0.560746,0.566247
-1.0,0.97255,0.486032,0.598249,0.585447,0.730323
-1.0,0.951851,0.412528,0.47417,0.481141,0.578098
-1.0,0.955227,0.622552,0.511702,0.507713,0.567872
-1.0,0.912454,0.612648,0.415331,0.503231,0.620291
-1.0,0.950617,0.376606,0.423302,0.514178,0.529776
-1.0,0.97123,0.463274,0.473975,0.549309,0.523701
-1.0,0.970452,0.481879,0.552769,0.553313,0.547028
-1.0,0.9389,0.443656,0.399364,0.475078,0.496405
-1.0,0.961304,0.539471,0.545007,0.57938,0.669591
-1.0,0.877419,0.495518,0.516792,0.511999,0.563716
-1.0,0.92586,0.464699,0.490423,0.520028,0.479557
-1.0,0.9673,0.513841,0.583036,0.514668,0.605915
-1.0,0.971614,0.492344,0.57999,0.562079,0.590285
-1.0,0.961966,0.54444,0.521727,0.549868,0.596359
-1.0,0.953943,0.372456,0.446533,0.527359,0.456324
-1.0,0.93733,0.406319,0.560701,0.517857,0.62514
-1.0,0.957853,0.498465,0.536134,0.518263,0.567154
-1.0,0.950105,0.529588,0.514111,0.578926,0.627572
-1.0,0.958606,0.481775,0.472427,0.476468,0.50047
-1.0,0.970439,0.478257,0.549589,0.573076,0.578539
-1.0,0.945584,0.468407,0.523147,0.49352,0.534726
-1.0,0.954737,0.454697,0.498956,0.545444,0.624658
-1.0,0.944758,0.539078,0.481397,0.499918,0.530441
-1.0,0.972441,0.499914,0.542024,0.548708,0.519414
-1.0,0.973816,0.559024,0.619199,0.615456,0.740926
-1.0,0.946921,0.487584,0.557517,0.535963,0.656632
-1.0,0.96561,0.439816,0.547543,0.561152,0.622377
-1.0,0.970582,0.572145,0.612675,0.528437,0.6671
-1.0,0.964686,0.587003,0.605979,0.512229,0.651453
-1.0,0.935341,0.488934,0.447029,0.556537,0.530403
-1.0,0.924405,0.54219,0.603014,0.538453,0.714964
-1.0,0.926435,0.443755,0.525873,0.530734,0.563883
-1.0,0.943708,0.580944,0.538141,0.589059,0.534592
-1.0,0.958748,0.260471,0.426248,0.534075,0.430267
-1.0,0.956776,0.506188,0.551671,0.519452,0.573483
-1.0,0.956676,0.471808,0.487496,0.547749,0.523326
-1.0,0.941895,0.551926,0.559216,0.604029,0.645042
-1.0,0.968361,0.627371,0.514264,0.568488,0.592912
-1.0,0.957132,0.373071,0.505081,0.50874,0.593352
-1.0,0.965603,0.556164,0.542645,0.539631,0.543348
-1.0,0.957122,0.521719,0.558162,0.569814,0.505638
-1.0,0.949964,0.40582,0.457838,0.61324,0.474527
-1.0,0.955995,0.534133,0.542239,0.544775,0.592814
-1.0,0.962622,0.478576,0.626731,0.485636,0.654533
-1.0,0.936983,0.487039,0.542988,0.520283,0.612359
-1.0,0.950188,0.570594,0.573704,0.56435,0.653318
-1.0,0.971889,0.72237,0.622806,0.587633,0.644396
-1.0,0.956626,0.59782,0.591798,0.582278,0.705077
-1.0,0.972072,0.498866,0.51327,0.558157,0.600751
-1.0,0.93572,0.549211,0.445118,0.55188,0.571453
-1.0,0.938687,0.501837,0.537029,0.52458,0.66304
-1.0,0.921603,0.45074,0.50308,0.488185,0.497277
-1.0,0.952,0.552083,0.544666,0.588028,0.715563
-1.0,0.965937,0.526821,0.54268,0.548527,0.611444
-1.0,0.958226,0.519653,0.61013,0.586526,0.676253
-1.0,0.964071,0.526382,0.568226,0.576265,0.574559
-1.0,0.88634,0.561547,0.547412,0.520904,0.560734
-1.0,0.964179,0.5296,0.568778,0.587193,0.655824
-1.0,0.963185,0.570795,0.557773,0.610562,0.608891
-1.0,0.969758,0.461117,0.445001,0.567892,0.489556
-1.0,0.926097,0.549415,0.576568,0.589777,0.66696
-1.0,0.900356,0.454702,0.527878,0.530697,0.602087
-1.0,0.862354,0.544614,0.536175,0.51916,0.516316
-1.0,0.96642,0.586752,0.54686,0.589681,0.639397
-1.0,0.962448,0.43795,0.480082,0.504137,0.626303
-1.0,0.95472,0.471814,0.497531,0.529072,0.531036
-1.0,0.955936,0.533232,0.6505,0.587824,0.691387
-1.0,0.925393,0.535074,0.572455,0.564432,0.634435
-1.0,0.963765,0.505372,0.529872,0.574708,0.610332
-1.0,0.948969,0.578215,0.588067,0.50713,0.663702
-1.0,0.962531,0.685275,0.571658,0.625251,0.662753
-1.0,0.971905,0.454784,0.565684,0.554527,0.626043
-1.0,0.955546,0.504134,0.559407,0.555672,0.635239
-1.0,0.94735,0.58464,0.591027,0.548529,0.650189
-1.0,0.974442,0.647679,0.585269,0.579184,0.736745
-1.0,0.977173,0.557223,0.608896,0.677777,0.69533
-1.0,0.97009,0.538047,0.528759,0.529391,0.578491
-1.0,0.97251,0.596189,0.555812,0.58895,0.623574
-1.0,0.953661,0.536248,0.554515,0.555235,0.654977
-1.0,0.922317,0.633081,0.56637,0.561136,0.711591
-1.0,0.942543,0.470395,0.516079,0.58636,0.573777
-1.0,0.69516,-0.0155275,0.072667,0.359141,0.205649
-1.0,0.974293,0.608339,0.572078,0.603589,0.627253
-1.0,0.929526,0.607145,0.590613,0.575628,0.701646
-1.0,0.949824,0.556754,0.559843,0.597805,0.639369
-1.0,0.967451,0.613171,0.57142,0.571127,0.600932
-1.0,0.97193,0.702574,0.6192,0.603746,0.761813
-1.0,0.968588,0.512326,0.499681,0.552773,0.559309
-1.0,0.958747,0.502366,0.571526,0.551534,0.624675
-1.0,0.96887,0.634986,0.588589,0.552317,0.627464
-1.0,0.957565,0.563659,0.60362,0.546004,0.639445
-1.0,0.966378,0.614298,0.604391,0.59025,0.699045
-1.0,0.973062,0.66718,0.574203,0.574916,0.687475
-1.0,0.972599,0.646467,0.582029,0.629821,0.681787
-1.0,0.957479,0.584334,0.540044,0.545874,0.59207
-1.0,0.964784,0.528917,0.523698,0.577256,0.628591
-1.0,0.977125,0.610037,0.58599,0.583119,0.676128
-1.0,0.971767,0.502343,0.472991,0.500455,0.565404
-1.0,0.936237,0.615416,0.632986,0.596584,0.778611
-1.0,0.968308,0.599147,0.546459,0.593703,0.664005
-1.0,0.972081,0.646738,0.59901,0.613859,0.7106
-1.0,0.965122,0.531101,0.533344,0.577732,0.661956
-1.0,0.972178,0.622913,0.569936,0.576786,0.718809
-1.0,0.970374,0.452447,0.421564,0.587359,0.575921
-1.0,0.953637,0.517608,0.535,0.568051,0.65913
-1.0,0.966018,0.610262,0.556586,0.609403,0.651983
-1.0,0.967794,0.658264,0.598512,0.579369,0.694137
-1.0,0.966229,0.536159,0.518488,0.555808,0.641953
-1.0,0.952053,0.588332,0.555921,0.568185,0.599986
-1.0,0.956028,0.502271,0.536212,0.531373,0.629757
-1.0,0.967097,0.496628,0.555823,0.552213,0.673305
-1.0,0.962095,0.583906,0.562678,0.613394,0.644247
-1.0,0.976442,0.658812,0.611345,0.59526,0.749457
-1.0,0.977053,0.649063,0.579486,0.624196,0.698856
-1.0,0.974144,0.578617,0.559291,0.590418,0.730829
-1.0,0.976336,0.643434,0.560499,0.609524,0.689987
-1.0,0.970308,0.509554,0.599687,0.556281,0.728377
