class,age,cg21946667,cg06128509,cg15004938,cg27413732,cg16903885,cg03073402,cg24343720,cg18425653,cg06804311,cg10150615,cg14046414,cg23843090,cg01062443,cg09545123,cg19212550,cg23838005,cg26864230,cg22209441,cg02706575,cg05835416,cg21155100,cg18848394,cg23668257,cg10247405,cg26463399,cg24153574,cg02825728,cg25023666,cg07573342
1.0,28.0,0.63326,0.0366206,0.79539,0.0898217,0.647153,0.0321836,0.670415,0.850709,0.97811,0.0391438,0.836379,0.890593,0.147728,0.0433068,0.826376,0.361802,0.0506816,0.722656,0.815674,0.702796,0.874478,0.847243,0.0424816,0.695581,0.887559,0.684614,0.666374,0.81866,0.702504
1.0,30.0,0.640344,0.0405046,0.722293,0.0433151,0.781335,0.0337361,0.754693,0.853905,0.978283,0.0542177,0.828547,0.864526,0.161724,0.105958,0.895316,0.3958,0.0392374,0.736071,0.812016,0.557288,0.945715,0.769854,0.145728,0.710398,0.843775,0.662505,0.758204,0.820685,0.765687
1.0,34.0,0.578636,0.0541092,0.902881,0.0532857,0.819486,0.0395206,0.710226,0.923573,0.982349,0.082415,0.905911,0.926153,0.350574,0.0677998,0.593908,0.500992,0.0309581,0.777565,0.87166,0.495706,0.923431,0.922068,0.045057,0.810883,0.895387,0.752697,0.833936,0.834845,0.894384
1.0,34.0,0.744909,0.0357399,0.753189,0.0574692,0.671239,0.0241895,0.696395,0.764593,0.983335,0.0444379,0.850334,0.873429,0.19495,0.0353678,0.816224,0.394071,0.0266182,0.728563,0.795805,0.658062,0.891776,0.848673,0.0409363,0.743906,0.897045,0.64226,0.654159,0.783348,0.701463
1.0,37.0,0.61134,0.0509875,0.876917,0.0708839,0.80449,0.0280725,0.770214,0.883697,0.982847,0.0660072,0.921677,0.917549,0.324803,0.0875084,0.6123,0.578768,0.0448133,0.803676,0.883509,0.58453,0.945413,0.879808,0.04315,0.791962,0.902302,0.803589,0.833896,0.870796,0.898366
1.0,37.0,0.77574,0.0328317,0.800999,0.0534961,0.702304,0.0335825,0.685319,0.812729,0.977516,0.0293319,0.802564,0.869509,0.127348,0.0329985,0.856484,0.301078,0.029503,0.735136,0.789933,0.604349,0.912104,0.829143,0.054772,0.726299,0.882657,0.637744,0.722539,0.804236,0.683988
1.0,40.0,0.801878,0.0385581,0.760093,0.0485444,0.825912,0.0362191,0.747395,0.798534,0.980084,0.0821378,0.900578,0.895977,0.112234,0.0612317,0.739164,0.411072,0.031094,0.769374,0.799822,0.532047,0.919072,0.830266,0.07978,0.757748,0.878293,0.598624,0.865117,0.829694,0.694653
1.0,41.0,0.664005,0.0493077,0.803216,0.0809222,0.748007,0.0330862,0.673243,0.727759,0.977047,0.05576,0.867024,0.874518,0.124641,0.0736498,0.800054,0.385708,0.0612868,0.724016,0.802069,0.597007,0.928087,0.838764,0.050862,0.798485,0.879592,0.572839,0.777253,0.760454,0.7218
1.0,42.0,0.616595,0.0517547,0.866417,0.0670064,0.790232,0.0424851,0.740571,0.90427,0.971125,0.0699022,0.906011,0.876748,0.320933,0.0808554,0.488818,0.525815,0.0690786,0.783326,0.861743,0.501058,0.916562,0.859364,0.0516413,0.787536,0.905359,0.69535,0.842305,0.842032,0.841125
1.0,42.0,0.727835,0.0379228,0.81681,0.0684477,0.726474,0.0342242,0.687524,0.817105,0.978525,0.035681,0.834727,0.904986,0.19289,0.0598275,0.794245,0.363574,0.0330061,0.770159,0.801414,0.576818,0.891951,0.828543,0.051243,0.753413,0.879387,0.678421,0.839074,0.831041,0.706749
1.0,43.0,0.664468,0.0973852,0.884155,0.0567029,0.785408,0.0201373,0.727325,0.861347,0.946073,0.107518,0.916794,0.924252,0.34482,0.0885589,0.551231,0.591635,0.0404874,0.802219,0.87129,0.599863,0.908453,0.861124,0.0494859,0.7707,0.912027,0.754759,0.867767,0.811546,0.8606
1.0,43.0,0.856644,0.0833443,0.846982,0.0618762,0.746556,0.0219314,0.671958,0.801058,0.986182,0.124115,0.89424,0.896812,0.114483,0.066804,0.839849,0.363705,0.0206049,0.79061,0.823755,0.705569,0.874637,0.84884,0.0509835,0.780897,0.902204,0.673859,0.783888,0.791419,0.750252
1.0,43.0,0.800532,0.0370127,0.761301,0.0514136,0.740105,0.0327463,0.665532,0.774011,0.98021,0.110982,0.85916,0.866133,0.152833,0.0578244,0.721287,0.376034,0.031574,0.738793,0.824871,0.591117,0.925642,0.839165,0.0593061,0.730553,0.897623,0.61911,0.821905,0.802976,0.739772
1.0,45.0,0.823244,0.0481331,0.772291,0.0470876,0.788599,0.0240027,0.704122,0.866546,0.988517,0.055146,0.891095,0.903066,0.148742,0.0533815,0.815818,0.35681,0.0208782,0.820471,0.822453,0.612187,0.902664,0.887354,0.031462,0.770962,0.917466,0.680156,0.739111,0.847744,0.763618
1.0,45.0,0.766109,0.0298214,0.765276,0.052525,0.711786,0.0274742,0.605081,0.752857,0.982733,0.0482786,0.842856,0.861068,0.102262,0.0634742,0.703999,0.353241,0.0196777,0.742901,0.767841,0.521396,0.91556,0.797705,0.062436,0.73649,0.884699,0.58067,0.788784,0.777755,0.580437
1.0,45.0,0.703059,0.0298185,0.77656,0.0486528,0.755086,0.0312412,0.632506,0.756697,0.979782,0.0561734,0.822173,0.894102,0.147975,0.0346429,0.800266,0.345311,0.0539266,0.738474,0.783247,0.588112,0.920127,0.79189,0.0343157,0.712247,0.857832,0.599465,0.782642,0.730517,0.661329
1.0,47.0,0.68509,0.0485805,0.787645,0.0683219,0.720044,0.0296689,0.678288,0.795001,0.976377,0.0758457,0.810637,0.842528,0.160903,0.0775149,0.797735,0.3009,0.0426501,0.76117,0.759026,0.600469,0.907583,0.822218,0.060691,0.723991,0.888832,0.601592,0.806376,0.7688,0.666483
1.0,47.0,0.79532,0.058905,0.842849,0.0860335,0.700872,0.0319825,0.714146,0.751683,0.977702,0.112709,0.824241,0.884811,0.13774,0.0940938,0.753678,0.370018,0.0572035,0.754472,0.79217,0.603137,0.892688,0.847513,0.0774959,0.687688,0.893188,0.65823,0.826691,0.806182,0.762851
1.0,48.0,0.88958,0.0481361,0.786258,0.0524082,0.722251,0.0226052,0.60833,0.780752,0.98952,0.0713335,0.91212,0.928079,0.116893,0.0570567,0.853394,0.328213,0.0178742,0.829331,0.798984,0.712675,0.887872,0.792334,0.0400318,0.716724,0.928971,0.657722,0.725203,0.743208,0.669088
1.0,48.0,0.688149,0.0631036,0.817153,0.0639712,0.77032,0.0352338,0.752477,0.842132,0.977086,0.0682099,0.8255,0.901107,0.221976,0.0845115,0.792598,0.421466,0.0430263,0.794052,0.798695,0.601579,0.915041,0.843904,0.0612074,0.797781,0.887648,0.720124,0.843528,0.799565,0.821655
1.0,49.0,0.758362,0.0307477,0.783693,0.0621867,0.738909,0.0323082,0.640462,0.759913,0.983093,0.0485444,0.82759,0.873641,0.093035,0.0395102,0.84998,0.320965,0.0209895,0.754791,0.768419,0.588464,0.888401,0.808711,0.0694092,0.712337,0.85975,0.652433,0.80857,0.753546,0.720974
4.0,50.0,0.727557,0.0546479,0.837716,0.0927862,0.744333,0.0328316,0.71029,0.860391,0.978907,0.0816173,0.865631,0.925855,0.213603,0.0900961,0.717041,0.462096,0.0770173,0.805875,0.825006,0.568356,0.880532,0.842123,0.0668927,0.781197,0.878722,0.705356,0.813382,0.808099,0.771747
4.0,50.0,0.765101,0.0290619,0.757304,0.0550817,0.725341,0.037189,0.671612,0.771342,0.977476,0.0371371,0.813288,0.909805,0.148566,0.0337926,0.753448,0.357925,0.0501436,0.729109,0.761191,0.65042,0.901912,0.822548,0.0514419,0.714022,0.890894,0.653452,0.804622,0.779075,0.709794
4.0,51.0,0.665447,0.0615683,0.859537,0.070217,0.812898,0.0452415,0.761948,0.89604,0.979953,0.111484,0.90418,0.894713,0.306526,0.0996331,0.661163,0.570688,0.0735939,0.791702,0.913614,0.630449,0.918849,0.850699,0.0603714,0.7776,0.902543,0.793777,0.838347,0.851734,0.863267
4.0,51.0,0.764889,0.0551531,0.849501,0.0754961,0.773994,0.038854,0.734026,0.859158,0.978066,0.0964052,0.871186,0.897837,0.164945,0.0743618,0.76746,0.413573,0.0742331,0.747769,0.833645,0.61354,0.900784,0.819958,0.0576039,0.763347,0.877646,0.633685,0.819909,0.840302,0.75536
4.0,51.0,0.753431,0.0452253,0.776192,0.0580876,0.779177,0.0405964,0.69322,0.712556,0.974004,0.0677261,0.84068,0.89191,0.133466,0.0499133,0.677401,0.280316,0.0507138,0.679454,0.735582,0.49339,0.899843,0.835115,0.0512568,0.691489,0.865812,0.630878,0.804026,0.771055,0.735205
4.0,51.0,0.78076,0.0297889,0.762094,0.0752194,0.69429,0.0317042,0.672179,0.799797,0.980676,0.052685,0.842285,0.880909,0.127021,0.0681827,0.765795,0.448321,0.0685659,0.716949,0.772042,0.628751,0.930786,0.798024,0.0542898,0.719977,0.885413,0.571403,0.709374,0.749726,0.702442
4.0,51.0,0.725378,0.0554914,0.787227,0.063761,0.74049,0.0319078,0.691004,0.797933,0.978724,0.0810889,0.870507,0.914232,0.212721,0.0752507,0.775707,0.396814,0.0593641,0.702022,0.798829,0.616677,0.92557,0.854128,0.0597131,0.742516,0.895393,0.656361,0.840498,0.776425,0.738054
4.0,51.0,0.733091,0.0539599,0.854245,0.096428,0.804092,0.0328586,0.729904,0.79739,0.974739,0.0835532,0.809051,0.90267,0.217608,0.0841831,0.710894,0.449362,0.0546261,0.747205,0.824993,0.615487,0.904975,0.843726,0.0735037,0.793615,0.917463,0.696409,0.814408,0.85256,0.80093
4.0,51.0,0.756777,0.0614392,0.760487,0.0681905,0.718844,0.0413352,0.654271,0.741703,0.976914,0.075917,0.857211,0.857282,0.133431,0.105499,0.752186,0.318811,0.0404769,0.72397,0.796796,0.564759,0.932501,0.817896,0.071277,0.753409,0.877251,0.652072,0.714742,0.781529,0.710301
4.0,51.0,0.727092,0.0373495,0.796823,0.0733045,0.692414,0.0339697,0.636203,0.767451,0.981868,0.0516245,0.855906,0.890667,0.144944,0.0562809,0.847795,0.352929,0.0366508,0.687129,0.806013,0.63712,0.89797,0.830061,0.0450035,0.732839,0.87139,0.636549,0.729813,0.735823,0.62991
4.0,52.0,0.731085,0.0645521,0.753665,0.107161,0.721117,0.0306755,0.628872,0.797274,0.980229,0.0848762,0.783293,0.884486,0.142293,0.0784259,0.80345,0.431348,0.0757337,0.685038,0.788247,0.658609,0.870218,0.823275,0.0580557,0.678957,0.849822,0.651436,0.701596,0.757823,0.753209
4.0,52.0,0.688884,0.0650641,0.892299,0.107307,0.79197,0.0303104,0.761615,0.821325,0.978205,0.0925291,0.896975,0.930972,0.312871,0.0967767,0.689865,0.538524,0.0584382,0.818452,0.88723,0.537822,0.89944,0.891911,0.0580276,0.795051,0.906697,0.709312,0.822231,0.813361,0.89913
4.0,52.0,0.757647,0.052901,0.776303,0.0724561,0.720867,0.038166,0.684093,0.703585,0.976348,0.0643492,0.873411,0.875378,0.167559,0.0984173,0.781121,0.316656,0.0559444,0.714852,0.786255,0.571802,0.94658,0.862679,0.0754258,0.703816,0.895689,0.656618,0.778441,0.793425,0.656108
4.0,52.0,0.792978,0.0383182,0.801302,0.0565852,0.65883,0.0306797,0.641212,0.760857,0.975764,0.0573459,0.857632,0.861968,0.0965042,0.0577184,0.717989,0.283739,0.0428858,0.717019,0.730781,0.581455,0.887936,0.789497,0.0448717,0.664673,0.882467,0.622243,0.802698,0.776521,0.641809
4.0,53.0,0.651782,0.0446605,0.797593,0.0899087,0.722167,0.0358586,0.681351,0.821607,0.968029,0.0668465,0.886991,0.897023,0.243561,0.0679468,0.56906,0.380989,0.060293,0.72541,0.793348,0.539718,0.910864,0.866414,0.0576591,0.79123,0.91678,0.62369,0.816822,0.735025,0.734097
4.0,53.0,0.751751,0.0457492,0.82848,0.0573633,0.746876,0.0329021,0.696271,0.80798,0.978944,0.0404191,0.837216,0.853943,0.17119,0.0530871,0.844291,0.400691,0.0462729,0.722197,0.781423,0.616859,0.914474,0.82724,0.0397575,0.753368,0.851042,0.647512,0.76601,0.782429,0.756508
4.0,53.0,0.69094,0.0279673,0.811818,0.0537969,0.69701,0.0320383,0.595188,0.647847,0.984038,0.0343673,0.865029,0.893113,0.0926151,0.021512,0.781245,0.258053,0.285409,0.666106,0.808352,0.564453,0.421153,0.857412,0.0431521,0.682505,0.875674,0.627149,0.584622,0.771805,0.521177
4.0,54.0,0.619306,0.0546993,0.877027,0.131059,0.824622,0.0413751,0.783026,0.865314,0.97526,0.0692263,0.864907,0.918218,0.374487,0.087271,0.582388,0.630887,0.173505,0.810141,0.877481,0.64456,0.915777,0.874256,0.0759836,0.756675,0.911431,0.805477,0.878002,0.829236,0.907529
4.0,55.0,0.871011,0.051983,0.851968,0.0611947,0.775597,0.0218552,0.719382,0.806287,0.987598,0.0925977,0.932871,0.92206,0.143358,0.0668769,0.789076,0.377647,0.0235096,0.859881,0.829947,0.569336,0.884569,0.888712,0.0553345,0.800164,0.932189,0.733953,0.878389,0.855648,0.713894
4.0,55.0,0.802807,0.044764,0.80721,0.0653451,0.725507,0.0372806,0.642715,0.811,0.976057,0.0885989,0.837875,0.890072,0.141794,0.0719161,0.76556,0.364208,0.0350269,0.730306,0.756046,0.582772,0.891523,0.817473,0.0678873,0.769165,0.89078,0.659032,0.771723,0.807329,0.739765
4.0,56.0,0.785883,0.0599621,0.796866,0.0614784,0.713985,0.0410565,0.577396,0.729531,0.96876,0.0975875,0.808121,0.884042,0.139035,0.0644451,0.744624,0.288531,0.0554063,0.695562,0.7097,0.452165,0.835411,0.821065,0.0603634,0.689598,0.877097,0.574314,0.621386,0.666904,0.663507
4.0,56.0,0.744989,0.0387892,0.844317,0.0645792,0.700144,0.0278122,0.665062,0.836208,0.982515,0.0589759,0.850375,0.909548,0.18039,0.0200913,0.802147,0.407381,0.0437537,0.76552,0.780541,0.595772,0.917582,0.792207,0.043216,0.760215,0.894812,0.670796,0.835756,0.762423,0.776247
4.0,57.0,0.716985,0.0554436,0.814123,0.0909156,0.73834,0.0436776,0.693574,0.811356,0.964198,0.087251,0.85438,0.898507,0.240672,0.0654541,0.678759,0.422608,0.0512476,0.753473,0.754253,0.563844,0.857534,0.850439,0.0590164,0.744379,0.887171,0.69252,0.803723,0.791983,0.74943
4.0,58.0,0.779623,0.0849553,0.796331,0.0887101,0.752324,0.0475377,0.643958,0.785261,0.973994,0.106255,0.847248,0.886206,0.178798,0.0803032,0.769183,0.409069,0.0545458,0.726933,0.804138,0.495145,0.902091,0.831071,0.0653766,0.744876,0.891936,0.650525,0.785683,0.787451,0.781826
4.0,58.0,0.798362,0.0597946,0.799999,0.0677139,0.77368,0.0379049,0.677376,0.781313,0.975568,0.0803994,0.884978,0.903367,0.22283,0.0664971,0.663997,0.355115,0.0921642,0.721041,0.79193,0.531787,0.92066,0.882368,0.0535601,0.755534,0.894998,0.690719,0.82194,0.795622,0.756191
4.0,59.0,0.778792,0.0673224,0.76384,0.0721211,0.726609,0.0298244,0.69841,0.786725,0.97583,0.0962736,0.839268,0.855229,0.147118,0.069682,0.770501,0.34048,0.0602382,0.700541,0.783666,0.557865,0.930704,0.858618,0.0464551,0.728342,0.849516,0.608396,0.819671,0.776972,0.673114
4.0,59.0,0.815287,0.0375125,0.753701,0.05612,0.688617,0.0376193,0.582563,0.743988,0.979553,0.0599224,0.806188,0.854198,0.107134,0.0536422,0.805628,0.285177,0.0305635,0.710343,0.766463,0.623761,0.857124,0.793632,0.0455661,0.661092,0.877582,0.57307,0.739516,0.759082,0.584232
4.0,59.0,0.700938,0.0617414,0.859232,0.0939233,0.800514,0.0380389,0.729437,0.87068,0.983433,0.0953375,0.867601,0.904702,0.275532,0.0823224,0.737125,0.49485,0.0894409,0.777526,0.855917,0.536155,0.909123,0.882625,0.0605629,0.759209,0.899813,0.731858,0.849678,0.828919,0.792452
4.0,59.0,0.783262,0.0549788,0.826969,0.0983637,0.778176,0.0324759,0.738336,0.828149,0.98297,0.0764581,0.823258,0.868093,0.214851,0.0819758,0.783221,0.409547,0.053327,0.761167,0.827255,0.569561,0.9347,0.874349,0.0593545,0.711767,0.882206,0.69087,0.814848,0.803643,0.730134
4.0,59.0,0.615921,0.0574584,0.840199,0.0988901,0.733088,0.0313392,0.73475,0.860315,0.974015,0.0796578,0.855169,0.888585,0.355922,0.114928,0.607412,0.607005,0.102959,0.787145,0.86275,0.547401,0.909355,0.874029,0.0580453,0.740165,0.899863,0.685794,0.817297,0.823759,0.863269
4.0,59.0,0.772248,0.0453239,0.802163,0.0654498,0.708204,0.0263166,0.69711,0.730615,0.972557,0.0647507,0.84616,0.854306,0.189239,0.0440809,0.763157,0.356152,0.0223366,0.705625,0.7969,0.572092,0.937535,0.807678,0.0629114,0.766276,0.876402,0.63678,0.833204,0.758452,0.675955
4.0,60.0,0.700015,0.0577634,0.846995,0.0682378,0.794488,0.0432036,0.76406,0.815505,0.977329,0.0930327,0.904376,0.879773,0.278412,0.0750349,0.669234,0.469883,0.0727805,0.731598,0.817184,0.461658,0.911127,0.874758,0.0528397,0.768152,0.896246,0.693459,0.808229,0.841702,0.808115
4.0,60.0,0.801624,0.0601895,0.786979,0.0698278,0.727152,0.0332049,0.58977,0.780422,0.967696,0.0893405,0.863818,0.890601,0.119448,0.0611165,0.631711,0.270116,0.0337119,0.675722,0.770184,0.597857,0.821825,0.832937,0.0509254,0.605613,0.888456,0.594932,0.765695,0.783582,0.706944
4.0,60.0,0.75177,0.0482934,0.737566,0.0636615,0.751579,0.0281329,0.642762,0.791532,0.981509,0.0386693,0.785427,0.85356,0.115478,0.0361704,0.798244,0.343315,0.0301045,0.709532,0.790873,0.670755,0.867888,0.800672,0.0341626,0.732379,0.876965,0.623859,0.799668,0.818487,0.762987
4.0,60.0,0.79342,0.0281335,0.760368,0.0566629,0.710071,0.0345382,0.615578,0.712464,0.979406,0.0311878,0.804981,0.873153,0.119932,0.0437125,0.722043,0.311,0.0194686,0.627086,0.73416,0.606046,0.891768,0.763686,0.0308608,0.708933,0.829536,0.624728,0.759135,0.712361,0.719457
4.0,61.0,0.751143,0.0701426,0.827258,0.0466081,0.716593,0.0297727,0.666156,0.684693,0.96964,0.0806447,0.883587,0.905893,0.250328,0.0933271,0.708661,0.218604,0.117428,0.761152,0.754242,0.552773,0.929732,0.791199,0.0431076,0.725617,0.935633,0.614073,0.74661,0.76121,0.708037
4.0,61.0,0.752987,0.0425333,0.835571,0.0810702,0.751315,0.0269784,0.699063,0.828899,0.982579,0.0683135,0.8465,0.881029,0.191346,0.0513006,0.740117,0.382435,0.045067,0.798151,0.815384,0.624591,0.917873,0.84683,0.0518922,0.755522,0.90119,0.651989,0.837417,0.796522,0.817863
4.0,61.0,0.645157,0.0455249,0.878528,0.07779,0.778172,0.0309602,0.72955,0.889485,0.977672,0.0350922,0.8827,0.911709,0.405982,0.0778736,0.678651,0.630422,0.0682926,0.775807,0.894062,0.557776,0.912042,0.894362,0.051796,0.753098,0.904947,0.747412,0.82416,0.851578,0.878004
4.0,62.0,0.738424,0.0703768,0.781479,0.0967586,0.68958,0.0568063,0.714877,0.728051,0.96935,0.110349,0.806954,0.865324,0.183933,0.0846457,0.73492,0.342874,0.0942517,0.705471,0.75284,0.509996,0.88187,0.819076,0.0674782,0.6492,0.896807,0.644788,0.798375,0.733788,0.736352
4.0,62.0,0.639848,0.0531982,0.882375,0.060928,0.764692,0.0374706,0.792852,0.846818,0.973288,0.0674621,0.904341,0.916414,0.342812,0.0843596,0.660153,0.495528,0.0511273,0.793459,0.85033,0.493027,0.904182,0.885094,0.0494189,0.775858,0.900444,0.764811,0.836267,0.86445,0.869912
4.0,62.0,0.759566,0.0398283,0.777111,0.0801422,0.665866,0.0286544,0.653871,0.766388,0.981567,0.0431869,0.827897,0.876483,0.157046,0.0397505,0.756595,0.345803,0.0463439,0.719596,0.773828,0.539455,0.919578,0.808357,0.0434421,0.664744,0.880654,0.621797,0.814432,0.757603,0.641662
4.0,63.0,0.897695,0.0550264,0.838282,0.0575276,0.798228,0.0250478,0.519275,0.81398,0.987826,0.101554,0.915312,0.920104,0.119106,0.0548587,0.868997,0.335871,0.0205084,0.777588,0.812487,0.633881,0.877158,0.829215,0.0539882,0.717756,0.903372,0.662347,0.813275,0.818852,0.630212
4.0,63.0,0.823826,0.0373787,0.813308,0.0696391,0.743718,0.0359706,0.555281,0.82372,0.977637,0.0839114,0.828821,0.878003,0.13398,0.0801231,0.778419,0.338981,0.0321906,0.712929,0.789883,0.558794,0.875592,0.792561,0.0675849,0.667125,0.897026,0.608698,0.768447,0.82067,0.736798
4.0,63.0,0.748166,0.0398802,0.775213,0.064559,0.699747,0.0341904,0.604636,0.784185,0.98022,0.0537204,0.843512,0.845195,0.110205,0.0513154,0.767494,0.340701,0.0401533,0.721434,0.758262,0.607189,0.805556,0.809572,0.0459035,0.651125,0.857546,0.606573,0.654522,0.743283,0.58016
4.0,63.0,0.554253,0.0496496,0.891511,0.0925885,0.714188,0.0474329,0.421431,0.65316,0.977089,0.0353505,0.918488,0.909896,0.474238,0.266457,0.864337,0.540767,0.149176,0.641078,0.804889,0.450337,0.777402,0.627738,0.0449838,0.571835,0.865216,0.700944,0.685587,0.658932,0.492407
4.0,64.0,0.750612,0.0372315,0.802327,0.0520388,0.728248,0.0306208,0.607762,0.810589,0.981244,0.0518446,0.834352,0.872287,0.0928822,0.0937861,0.827171,0.355567,0.0410753,0.691561,0.758273,0.678319,0.861859,0.822758,0.0496567,0.719369,0.853767,0.611676,0.69593,0.764525,0.673101
4.0,64.0,0.761989,0.0464962,0.809622,0.0718675,0.806233,0.0395603,0.671121,0.775577,0.983331,0.0819711,0.872691,0.901628,0.134204,0.142643,0.797155,0.386163,0.0559021,0.770064,0.829259,0.604626,0.888881,0.85732,0.0530572,0.782365,0.89583,0.658517,0.814027,0.808228,0.673979
4.0,64.0,0.763102,0.0468986,0.765797,0.0544181,0.818659,0.0357764,0.698321,0.815344,0.980573,0.0708542,0.847599,0.905282,0.140966,0.155984,0.804315,0.417764,0.0645085,0.726772,0.788108,0.472373,0.890714,0.832773,0.0849679,0.803252,0.875595,0.668719,0.831782,0.786499,0.708621
4.0,65.0,0.763768,0.0876089,0.814006,0.136524,0.745433,0.0549065,0.746434,0.81813,0.972093,0.0959238,0.862363,0.866627,0.201083,0.0826104,0.7005,0.368223,0.0851934,0.739187,0.798634,0.483031,0.88764,0.870883,0.0616358,0.728617,0.889005,0.688475,0.8069,0.788109,0.759966
4.0,65.0,0.825111,0.0381992,0.816366,0.0626478,0.692778,0.0310757,0.691775,0.813479,0.984967,0.0523764,0.848711,0.875196,0.141641,0.0720936,0.809978,0.406669,0.0195714,0.705721,0.810292,0.557874,0.92911,0.838697,0.0513803,0.697863,0.88802,0.600552,0.8093,0.796671,0.713847
4.0,66.0,0.765297,0.0556503,0.783255,0.0752603,0.724153,0.0436011,0.553116,0.785085,0.979241,0.0771205,0.839102,0.877722,0.115254,0.0592112,0.752161,0.276635,0.0358885,0.675771,0.770804,0.547928,0.864064,0.829408,0.0510524,0.672431,0.873727,0.640142,0.75412,0.767479,0.65076
4.0,66.0,0.71317,0.0427599,0.767567,0.0758261,0.74786,0.0455306,0.651437,0.842651,0.973723,0.070935,0.84377,0.904888,0.146454,0.0474904,0.713428,0.331871,0.0527624,0.67141,0.803109,0.564325,0.9271,0.851102,0.0555846,0.713434,0.900488,0.594268,0.781308,0.767312,0.710097
4.0,67.0,0.753386,0.0586261,0.753808,0.0903407,0.734754,0.0382669,0.622261,0.788214,0.976022,0.0876077,0.820191,0.861408,0.154602,0.0665747,0.811219,0.309618,0.0444486,0.6875,0.802207,0.58467,0.90347,0.841948,0.0543403,0.690154,0.874316,0.624259,0.775177,0.812068,0.689138
4.0,68.0,0.817166,0.0486573,0.817576,0.0706115,0.779249,0.0409144,0.680476,0.796388,0.978048,0.0909956,0.853615,0.881808,0.105215,0.0953082,0.738128,0.359801,0.0273536,0.783915,0.770285,0.58834,0.884803,0.819947,0.0443786,0.735729,0.899217,0.627352,0.854535,0.770504,0.612646
4.0,69.0,0.780827,0.0501393,0.770727,0.0479069,0.727101,0.0406326,0.664305,0.794972,0.970028,0.0711874,0.845968,0.847527,0.160603,0.0577624,0.611568,0.315197,0.0438303,0.670722,0.74486,0.534119,0.905554,0.800073,0.054491,0.682704,0.869815,0.632573,0.660601,0.695843,0.769318
4.0,70.0,0.816427,0.0563003,0.843716,0.0644198,0.772687,0.0351442,0.670212,0.881339,0.984432,0.0768984,0.848361,0.878874,0.142522,0.061643,0.824788,0.417657,0.0323024,0.712248,0.811918,0.667565,0.88864,0.82657,0.0546935,0.733992,0.901769,0.686576,0.762215,0.773846,0.635322
4.0,70.0,0.616374,0.0656023,0.882558,0.0740336,0.800565,0.0373813,0.678185,0.909421,0.980164,0.0900822,0.91226,0.881532,0.459292,0.107872,0.604404,0.588486,0.0580942,0.781715,0.879021,0.548384,0.902826,0.858228,0.0498605,0.77622,0.90817,0.728616,0.832073,0.833529,0.896186
4.0,70.0,0.754938,0.0615378,0.809184,0.0631604,0.778539,0.0352126,0.666224,0.861408,0.979051,0.0880008,0.870111,0.900832,0.197201,0.0822879,0.762856,0.442081,0.0421004,0.735494,0.786018,0.586756,0.853941,0.84356,0.0515838,0.741698,0.884427,0.734259,0.769973,0.774644,0.703182
4.0,70.0,0.743464,0.0572429,0.82284,0.0820885,0.78817,0.0358972,0.654866,0.85681,0.978206,0.0541516,0.813774,0.901555,0.177541,0.0708116,0.781002,0.397648,0.0537191,0.75626,0.857806,0.561594,0.892853,0.863531,0.05872,0.757121,0.877974,0.662363,0.783415,0.820368,0.749153
4.0,70.0,0.824494,0.0339579,0.76913,0.0695387,0.727089,0.0348228,0.652856,0.818946,0.978955,0.0763289,0.843833,0.877623,0.107839,0.0373075,0.783649,0.323311,0.0529135,0.732239,0.809486,0.519634,0.893175,0.822622,0.0530089,0.760482,0.869553,0.601484,0.749697,0.754566,0.600892
4.0,70.0,0.820538,0.0283496,0.78508,0.0415047,0.709494,0.0278311,0.583205,0.789799,0.982686,0.0459873,0.839236,0.846262,0.110083,0.041554,0.813727,0.293741,0.0270903,0.683673,0.792036,0.605731,0.853649,0.79616,0.0412158,0.705757,0.828785,0.560282,0.600581,0.733004,0.591532
4.0,70.0,0.657899,0.0692022,0.847799,0.092491,0.801355,0.048023,0.779202,0.850437,0.974018,0.0772991,0.874613,0.904787,0.285477,0.0699391,0.73651,0.469126,0.0567401,0.719299,0.850006,0.477321,0.915334,0.887137,0.0560483,0.781021,0.895884,0.685948,0.837681,0.82008,0.833387
4.0,70.0,0.696089,0.0801267,0.844548,0.073056,0.763166,0.023877,0.752661,0.839584,0.981679,0.0976266,0.900906,0.904371,0.276119,0.0925187,0.60014,0.483372,0.0415181,0.8181,0.882332,0.602014,0.886995,0.888751,0.0477292,0.826725,0.926239,0.693345,0.819665,0.849072,0.746778
4.0,70.0,0.714363,0.0722605,0.841743,0.0928917,0.736086,0.0475118,0.702552,0.81886,0.97347,0.0936711,0.86739,0.881977,0.180022,0.0632833,0.750696,0.431356,0.121337,0.737776,0.805064,0.471773,0.916631,0.89446,0.0671287,0.729909,0.880276,0.674564,0.78745,0.79837,0.806194
4.0,70.0,0.794242,0.0495671,0.810036,0.0597826,0.762726,0.0350066,0.701829,0.78994,0.979947,0.0743116,0.867506,0.928588,0.175305,0.0799242,0.704397,0.40421,0.0342907,0.757837,0.797108,0.572794,0.905403,0.839772,0.0923838,0.721933,0.887584,0.636915,0.816854,0.79486,0.689686
4.0,71.0,0.775993,0.0404009,0.783605,0.0696828,0.724721,0.0303657,0.716647,0.819762,0.965338,0.0413722,0.811925,0.883036,0.146934,0.0520846,0.82678,0.402667,0.0765108,0.71319,0.78454,0.566436,0.912048,0.834897,0.0332966,0.721323,0.88817,0.643846,0.727413,0.799883,0.756781
4.0,72.0,0.741416,0.0469512,0.826053,0.0679699,0.776254,0.0456511,0.731824,0.837647,0.970482,0.0775338,0.855805,0.876999,0.154641,0.0629899,0.735509,0.400736,0.0496806,0.704708,0.763265,0.481423,0.918196,0.851208,0.0612604,0.762743,0.862332,0.60044,0.822817,0.812467,0.787264
4.0,73.0,0.733166,0.0465082,0.770879,0.0729752,0.731626,0.0435032,0.675446,0.802263,0.967347,0.0728102,0.856885,0.913038,0.165291,0.0686986,0.664654,0.317269,0.0427845,0.687193,0.785106,0.503811,0.905482,0.858419,0.0514181,0.697272,0.902955,0.616243,0.779424,0.817774,0.766529
4.0,75.0,0.786946,0.0677619,0.787152,0.0642219,0.781401,0.0362548,0.702992,0.801342,0.979336,0.0955449,0.851945,0.874252,0.188564,0.0664373,0.785607,0.354044,0.0389878,0.720711,0.798645,0.566036,0.928968,0.811013,0.0616968,0.734047,0.883621,0.627191,0.841751,0.763737,0.71825
4.0,75.0,0.805107,0.0405943,0.739645,0.0613984,0.746973,0.0300661,0.685732,0.785823,0.979305,0.0686895,0.843638,0.852382,0.105055,0.0698848,0.763374,0.361547,0.0407908,0.700247,0.770681,0.669241,0.903979,0.837879,0.0559109,0.724464,0.873962,0.642746,0.776414,0.776801,0.718898
4.0,75.0,0.778299,0.0466289,0.812328,0.0675837,0.749806,0.0302318,0.683689,0.801728,0.972193,0.0571612,0.846066,0.886247,0.192118,0.0911352,0.763938,0.401917,0.0391193,0.764043,0.815687,0.620868,0.867923,0.839364,0.0391248,0.752802,0.885787,0.656823,0.768923,0.803187,0.716972
4.0,75.0,0.634328,0.0479369,0.861986,0.0842904,0.844523,0.0346184,0.746494,0.899171,0.978115,0.0627935,0.901305,0.912497,0.401862,0.056509,0.650313,0.655191,0.100315,0.796698,0.879205,0.570046,0.917492,0.875828,0.0308009,0.786823,0.921538,0.77082,0.866037,0.877581,0.873911
4.0,77.0,0.80399,0.0579634,0.77311,0.0882656,0.732225,0.0393881,0.50685,0.755589,0.979448,0.0768476,0.853306,0.88,0.140632,0.0565574,0.733113,0.304538,0.0375734,0.705314,0.789821,0.608809,0.887062,0.817775,0.0516311,0.664647,0.879424,0.604109,0.742691,0.771136,0.624173
4.0,77.0,0.794342,0.0310485,0.768216,0.0651061,0.753162,0.0364957,0.630531,0.793206,0.979474,0.0308327,0.848636,0.842333,0.106906,0.0589331,0.77531,0.324043,0.0509799,0.716259,0.763264,0.652113,0.870997,0.7863,0.0369967,0.737759,0.865327,0.647747,0.815758,0.742924,0.688676
4.0,77.0,0.782237,0.0380877,0.728174,0.0538861,0.639095,0.0325409,0.633715,0.711641,0.974055,0.0335421,0.843084,0.826701,0.103071,0.0461519,0.764923,0.237933,0.0884595,0.680012,0.711207,0.502294,0.891125,0.822133,0.0362549,0.597293,0.848631,0.563025,0.689555,0.697942,0.554042
4.0,79.0,0.730452,0.0580474,0.864919,0.115125,0.732352,0.0312449,0.737334,0.7939,0.976129,0.0793841,0.870474,0.901339,0.276199,0.0975003,0.703713,0.473078,0.0836437,0.764211,0.82933,0.599558,0.910416,0.846328,0.0769723,0.725937,0.943811,0.689547,0.861521,0.830828,0.802407
4.0,79.0,0.798514,0.0486533,0.787964,0.062946,0.744394,0.0345518,0.718742,0.788338,0.977107,0.0933514,0.842436,0.900158,0.142516,0.083739,0.678225,0.394372,0.0394686,0.756479,0.787261,0.5709,0.920502,0.834442,0.0578508,0.734792,0.87608,0.652958,0.825612,0.807111,0.701219
4.0,84.0,0.694017,0.0506745,0.803379,0.065029,0.755484,0.0456722,0.727713,0.836391,0.975657,0.0676172,0.889452,0.893733,0.139521,0.0613586,0.698453,0.369572,0.0426555,0.6923,0.827631,0.530883,0.915693,0.839916,0.0519071,0.701655,0.862824,0.557529,0.788603,0.80083,0.795749
4.0,86.0,0.779641,0.0462037,0.758279,0.0550174,0.735349,0.037562,0.517882,0.767851,0.945709,0.0667003,0.82786,0.882607,0.0939412,0.0606551,0.645764,0.277783,0.0354693,0.687357,0.774935,0.540852,0.895628,0.831546,0.0591828,0.639679,0.902175,0.619297,0.716442,0.771779,0.615551
4.0,89.0,0.722054,0.0473552,0.791068,0.0948807,0.705591,0.0383927,0.701191,0.799392,0.974753,0.0698467,0.825534,0.883948,0.163446,0.0558588,0.723942,0.307241,0.0515094,0.665371,0.789607,0.573294,0.928889,0.840048,0.0520185,0.778185,0.848804,0.595374,0.794547,0.812454,0.758628
2.0,19.0,0.49948,0.0422299,0.760311,0.058393,0.604128,0.0269458,0.634709,0.777189,0.978254,0.0477298,0.786836,0.895355,0.0711195,0.0276814,0.850904,0.292298,0.0224071,0.733435,0.774636,0.656239,0.840202,0.844754,0.0436677,0.697204,0.880709,0.587207,0.556518,0.792399,0.673381
2.0,31.0,0.642291,0.0524191,0.762003,0.0642526,0.722744,0.0326762,0.628687,0.858864,0.982671,0.0907816,0.830785,0.896455,0.139073,0.0621636,0.855777,0.33255,0.0285452,0.684288,0.78162,0.646971,0.878267,0.82858,0.0583609,0.724274,0.900792,0.674333,0.691542,0.778155,0.586383
2.0,34.0,0.655624,0.038195,0.772948,0.0552169,0.724898,0.0341689,0.633041,0.798025,0.972751,0.0366464,0.846359,0.847176,0.143544,0.0635172,0.818078,0.352885,0.0233549,0.722935,0.772393,0.647198,0.884319,0.836275,0.0399327,0.730093,0.886023,0.697224,0.694261,0.79647,0.710792
2.0,36.0,0.70113,0.0209193,0.722253,0.0549585,0.634076,0.0289685,0.625139,0.691745,0.979843,0.0479925,0.763817,0.818636,0.119997,0.0420353,0.831537,0.279976,0.0321803,0.685652,0.757116,0.666402,0.872626,0.797404,0.0470758,0.709814,0.827918,0.656074,0.687145,0.766418,0.598318
2.0,37.0,0.758744,0.0329586,0.803084,0.0550459,0.680435,0.0285103,0.627713,0.828042,0.976143,0.0486374,0.83802,0.89454,0.0782929,0.0329508,0.821498,0.331518,0.0364404,0.670087,0.801,0.634952,0.8411,0.82334,0.0478684,0.733296,0.900977,0.665049,0.64501,0.78936,0.687822
2.0,38.0,0.651947,0.0358822,0.679001,0.0512803,0.674723,0.0300434,0.546546,0.703716,0.965362,0.0475987,0.795322,0.864652,0.100984,0.0527078,0.793232,0.309546,0.025672,0.672166,0.720442,0.611999,0.82792,0.760309,0.059114,0.622739,0.874145,0.591202,0.669784,0.761071,0.653822
2.0,40.0,0.700095,0.0352281,0.751619,0.0539225,0.653895,0.0305507,0.578229,0.789626,0.981228,0.064777,0.844816,0.880547,0.0932676,0.0295351,0.816833,0.258153,0.0181041,0.658855,0.722498,0.705818,0.86426,0.814767,0.0203662,0.687656,0.897215,0.595781,0.628701,0.780648,0.62211
2.0,41.0,0.700326,0.027574,0.755789,0.0567713,0.662962,0.0270268,0.615805,0.75105,0.982843,0.0315929,0.857245,0.886064,0.101262,0.041822,0.815803,0.335994,0.0259589,0.683193,0.770438,0.644556,0.833556,0.823058,0.0415552,0.711043,0.906018,0.652753,0.669669,0.764273,0.594745
2.0,41.0,0.759985,0.0299459,0.763094,0.061054,0.669229,0.0250229,0.601892,0.742997,0.980909,0.0570365,0.802323,0.888364,0.0996955,0.0516211,0.814264,0.323897,0.0191077,0.69744,0.765159,0.710014,0.839108,0.848472,0.0429356,0.718959,0.890861,0.564891,0.720778,0.770614,0.586358
2.0,42.0,0.783699,0.0553187,0.732713,0.0424015,0.616684,0.0247601,0.558697,0.735947,0.985684,0.066813,0.780641,0.830542,0.0997613,0.0446665,0.815248,0.296856,0.0271507,0.645527,0.745779,0.731864,0.871087,0.810534,0.036092,0.650509,0.882329,0.598846,0.637667,0.770458,0.571486
2.0,43.0,0.794005,0.0291549,0.723536,0.0427513,0.713066,0.0611329,0.537361,0.54893,0.98224,0.0413014,0.770886,0.654683,0.222024,0.0165243,0.805124,0.163586,0.0584004,0.639336,0.657059,0.494605,0.687613,0.84336,0.0424942,0.564318,0.900795,0.483325,0.398384,0.507139,0.439867
2.0,44.0,0.759164,0.0316513,0.744424,0.0400937,0.679338,0.0320865,0.600584,0.727039,0.983613,0.0243305,0.806227,0.867445,0.0978321,0.0387976,0.819712,0.305638,0.0297282,0.692222,0.75669,0.664432,0.881641,0.851326,0.0469639,0.708534,0.868737,0.578251,0.748037,0.777164,0.640675
2.0,44.0,0.714178,0.0321199,0.733979,0.0487992,0.711119,0.0242665,0.584739,0.743663,0.98532,0.0348817,0.862848,0.82952,0.111942,0.0214797,0.755724,0.336905,0.00920782,0.653843,0.763532,0.668096,0.909531,0.805073,0.0443427,0.685656,0.885081,0.6318,0.60494,0.764384,0.664948
2.0,47.0,0.723329,0.0269614,0.734113,0.0546386,0.688931,0.0275206,0.662521,0.709149,0.98393,0.0399443,0.814719,0.842963,0.0950989,0.0423943,0.861644,0.295905,0.0271831,0.672138,0.760571,0.705484,0.86865,0.760292,0.0428193,0.660294,0.870339,0.601564,0.570988,0.732446,0.612873
2.0,47.0,0.768174,0.0539473,0.713309,0.0580058,0.671732,0.0292816,0.549671,0.754669,0.97843,0.0719094,0.803063,0.828262,0.102149,0.05235,0.768799,0.282984,0.0258859,0.656471,0.713739,0.659753,0.879916,0.817679,0.0319822,0.65314,0.861551,0.612451,0.655916,0.719391,0.655687
2.0,48.0,0.768709,0.0355243,0.723428,0.0521347,0.660014,0.0333354,0.589854,0.690029,0.980068,0.0396526,0.801221,0.842283,0.0964088,0.0407293,0.833621,0.263855,0.0307855,0.694756,0.774183,0.63501,0.850125,0.781148,0.0437312,0.66376,0.862,0.616545,0.692135,0.75915,0.600536
2.0,48.0,0.753135,0.0300168,0.750977,0.0498015,0.710868,0.0286664,0.596502,0.776122,0.98248,0.0181508,0.795386,0.850006,0.111451,0.0288521,0.734873,0.315503,0.0327596,0.686794,0.777222,0.683798,0.87387,0.807137,0.0333008,0.680508,0.872467,0.642896,0.661604,0.70501,0.681566
5.0,50.0,0.763702,0.0295568,0.707726,0.0718262,0.648158,0.0195977,0.512834,0.69006,0.9853,0.0335314,0.825645,0.83745,0.0912362,0.0410784,0.805943,0.296262,0.026048,0.704103,0.760891,0.671113,0.866013,0.739484,0.0346304,0.658561,0.858875,0.569828,0.610746,0.721225,0.546965
5.0,50.0,0.746769,0.0282051,0.700611,0.0459186,0.606556,0.0237602,0.550428,0.75097,0.983362,0.0323433,0.769325,0.839452,0.0749201,0.0397966,0.793421,0.248661,0.0250296,0.652167,0.720084,0.675649,0.864191,0.759149,0.0351129,0.660864,0.862355,0.587895,0.687613,0.732945,0.635826
5.0,50.0,0.803331,0.0337764,0.683402,0.066004,0.679226,0.0283154,0.560834,0.760168,0.983273,0.0878974,0.78067,0.845709,0.123246,0.0783224,0.825909,0.274758,0.029893,0.653042,0.717691,0.698545,0.814806,0.747086,0.0468399,0.671356,0.858321,0.61079,0.680075,0.785658,0.63922
5.0,50.0,0.796428,0.058899,0.684951,0.0594418,0.635288,0.0437943,0.521964,0.684174,0.981512,0.0774421,0.794818,0.813376,0.0793899,0.0859093,0.781094,0.27029,0.0248782,0.690821,0.720506,0.610509,0.829374,0.771144,0.0504636,0.622807,0.846887,0.625141,0.695719,0.653826,0.614165
5.0,50.0,0.744782,0.0351865,0.755016,0.0623321,0.735139,0.0331139,0.661735,0.764032,0.980284,0.0452467,0.833925,0.869084,0.147267,0.034194,0.782186,0.372224,0.0292423,0.724139,0.786077,0.59067,0.887148,0.800906,0.0397558,0.713074,0.874495,0.585209,0.7793,0.768157,0.633098
5.0,51.0,0.824405,0.0280239,0.707904,0.0532871,0.713609,0.0266456,0.547997,0.728105,0.984967,0.0365534,0.813724,0.849126,0.0883787,0.0373702,0.819997,0.257903,0.0242858,0.722583,0.748051,0.711489,0.857341,0.77645,0.0444462,0.660898,0.854431,0.598393,0.771888,0.751746,0.61244
5.0,51.0,0.821893,0.0207321,0.742662,0.0508969,0.667918,0.0199898,0.684416,0.71833,0.987552,0.0352988,0.810615,0.867679,0.0785459,0.0336787,0.827186,0.286529,0.0284433,0.682522,0.748635,0.719604,0.881125,0.806075,0.0378674,0.720867,0.89473,0.582627,0.704194,0.789626,0.625808
5.0,51.0,0.776093,0.0432683,0.742651,0.0658986,0.684905,0.0280837,0.608328,0.702403,0.982728,0.0451929,0.761839,0.830077,0.111807,0.0432841,0.881346,0.253921,0.0286874,0.61477,0.745837,0.668735,0.851927,0.811155,0.045542,0.667344,0.849734,0.56365,0.663654,0.760842,0.615716
5.0,51.0,0.814903,0.0366566,0.787617,0.0534163,0.692338,0.0243305,0.574361,0.714121,0.97937,0.0319476,0.840254,0.862041,0.0879233,0.0362833,0.854048,0.278503,0.0249446,0.691602,0.760194,0.662452,0.884033,0.790434,0.0458114,0.671249,0.878645,0.607798,0.69894,0.744308,0.646545
5.0,51.0,0.79562,0.0347063,0.768389,0.0476032,0.691734,0.0265167,0.621368,0.721367,0.982914,0.0292769,0.832297,0.878403,0.105736,0.0348619,0.803219,0.303051,0.0180376,0.699458,0.784978,0.686267,0.909677,0.890722,0.0460238,0.732279,0.881143,0.621556,0.681996,0.745804,0.622826
5.0,51.0,0.765406,0.0373588,0.717867,0.0456512,0.648224,0.0246435,0.566428,0.72085,0.983642,0.113438,0.825923,0.84091,0.0898978,0.0325863,0.801862,0.286381,0.0265861,0.602854,0.799062,0.70229,0.877458,0.801157,0.0388817,0.709381,0.873,0.572772,0.573877,0.730035,0.595996
5.0,52.0,0.76731,0.0251391,0.737527,0.0492848,0.669116,0.0274776,0.528841,0.758758,0.984216,0.0307947,0.818831,0.863762,0.0913943,0.0441816,0.821669,0.294662,0.0279288,0.726394,0.737513,0.692053,0.847057,0.730031,0.0412445,0.670122,0.881198,0.596753,0.746084,0.828725,0.646718
5.0,52.0,0.734984,0.0428258,0.764573,0.0596074,0.654736,0.0356413,0.582625,0.789014,0.978411,0.0314528,0.786712,0.86666,0.0916696,0.0340781,0.790293,0.311868,0.0194786,0.705339,0.751346,0.675545,0.85578,0.829114,0.0460402,0.636977,0.869457,0.612812,0.642862,0.756192,0.66233
5.0,52.0,0.80364,0.037068,0.745952,0.0439553,0.686729,0.0298041,0.55196,0.767315,0.982532,0.0301983,0.789292,0.827945,0.113166,0.0820137,0.830463,0.244505,0.024208,0.702164,0.713025,0.646221,0.870697,0.803445,0.0414336,0.620377,0.865358,0.572571,0.651498,0.669705,0.529396
5.0,53.0,0.771556,0.0252588,0.75689,0.0488326,0.654329,0.031154,0.58764,0.705407,0.981761,0.0341737,0.795877,0.88077,0.116892,0.0397887,0.834408,0.281098,0.0326901,0.6863,0.750537,0.642786,0.83136,0.697667,0.0365096,0.637032,0.873981,0.518426,0.66392,0.738708,0.678406
5.0,53.0,0.804661,0.0378337,0.711305,0.0511208,0.753866,0.0411187,0.520429,0.674582,0.984796,0.0511224,0.853416,0.847542,0.118536,0.077806,0.840648,0.310095,0.0230776,0.66669,0.734627,0.607639,0.825977,0.825387,0.0408329,0.631248,0.860729,0.609376,0.676373,0.721069,0.654904
5.0,54.0,0.78659,0.0300567,0.757029,0.0503722,0.707312,0.0298468,0.59521,0.744129,0.985908,0.0310757,0.844164,0.842179,0.0754885,0.0488842,0.860324,0.337343,0.0214465,0.677735,0.770101,0.670712,0.838819,0.775845,0.0403047,0.652775,0.884808,0.644758,0.615743,0.733132,0.60467
5.0,54.0,0.758102,0.0280308,0.730901,0.0533564,0.623592,0.0252967,0.591058,0.700219,0.984533,0.0336094,0.814467,0.853743,0.0896937,0.0383584,0.820264,0.299851,0.0227332,0.705138,0.744215,0.69916,0.836601,0.745672,0.0438707,0.671353,0.869362,0.589102,0.575977,0.750049,0.63289
5.0,54.0,0.813438,0.0308404,0.743286,0.0527169,0.696867,0.0326907,0.591523,0.716616,0.982803,0.0411609,0.814379,0.862285,0.0927931,0.033186,0.848537,0.299455,0.0276986,0.671509,0.744535,0.673444,0.87065,0.797924,0.0410786,0.662104,0.867369,0.642556,0.659804,0.723321,0.624247
5.0,54.0,0.80474,0.0389114,0.741908,0.0597942,0.691694,0.0342293,0.562629,0.72396,0.983948,0.0495735,0.820284,0.832889,0.126075,0.0505409,0.830168,0.311148,0.0332811,0.68045,0.78519,0.668345,0.887249,0.767739,0.0353877,0.650492,0.83184,0.611429,0.63368,0.669522,0.632307
5.0,54.0,0.806497,0.0486538,0.736041,0.0541108,0.739284,0.0318737,0.552775,0.735589,0.980988,0.0717946,0.825485,0.872889,0.0826203,0.0495904,0.825792,0.315091,0.0296311,0.688265,0.748201,0.669971,0.846261,0.810469,0.0453299,0.658114,0.894946,0.631409,0.73762,0.778817,0.626244
5.0,55.0,0.778104,0.0399082,0.786074,0.059772,0.683225,0.0279827,0.53178,0.769631,0.98225,0.0471801,0.818482,0.8757,0.114459,0.0441694,0.838382,0.274812,0.0283416,0.705904,0.729633,0.705114,0.843169,0.80832,0.0549254,0.666223,0.844854,0.560122,0.771831,0.758635,0.67286
5.0,55.0,0.831346,0.0234235,0.726538,0.0406227,0.624503,0.0292207,0.466697,0.705707,0.983635,0.036416,0.806665,0.838131,0.0960657,0.0447282,0.820559,0.253352,0.0238935,0.655116,0.749258,0.679807,0.865157,0.757229,0.0432175,0.632959,0.862854,0.596801,0.565343,0.707521,0.564723
5.0,55.0,0.758221,0.0368178,0.784882,0.050146,0.697515,0.0261162,0.60282,0.764695,0.974137,0.0366313,0.830507,0.899493,0.0743987,0.049316,0.717941,0.298138,0.0194469,0.647801,0.723742,0.576022,0.805255,0.856241,0.0404659,0.660165,0.869518,0.532549,0.587805,0.703546,0.761888
5.0,55.0,0.763285,0.0350756,0.812631,0.0486609,0.741169,0.0216256,0.714496,0.811565,0.984288,0.0532575,0.833361,0.890131,0.130357,0.0228163,0.85101,0.337383,0.01925,0.641837,0.787661,0.669192,0.908606,0.818667,0.0322525,0.758903,0.881788,0.628774,0.716787,0.77222,0.736431
5.0,56.0,0.739328,0.0281478,0.712654,0.0602775,0.623757,0.0226006,0.586305,0.677871,0.98258,0.0259244,0.780306,0.836218,0.0820249,0.0392694,0.796304,0.280537,0.0445235,0.712984,0.725247,0.591263,0.864103,0.690196,0.0342136,0.672805,0.865679,0.594406,0.729638,0.737404,0.602629
5.0,56.0,0.783321,0.0207869,0.726026,0.0425521,0.640433,0.024991,0.52511,0.684156,0.985485,0.0299984,0.810883,0.852109,0.0855256,0.042953,0.747537,0.314042,0.0367069,0.695456,0.730825,0.755722,0.895256,0.754529,0.04127,0.659943,0.880488,0.651926,0.772452,0.792573,0.678386
5.0,56.0,0.782005,0.0415334,0.792544,0.0527826,0.652984,0.0294973,0.59455,0.809734,0.983442,0.0401386,0.799967,0.889377,0.109187,0.0307021,0.808537,0.283431,0.0243562,0.745382,0.756595,0.619249,0.890926,0.792725,0.0325152,0.71332,0.843857,0.619426,0.747958,0.709395,0.674472
5.0,56.0,0.841613,0.0397277,0.73936,0.0551596,0.666842,0.016151,0.587071,0.773681,0.983588,0.0753629,0.812051,0.879661,0.115543,0.0334992,0.811449,0.281457,0.0163116,0.692107,0.773481,0.696493,0.841415,0.796809,0.047991,0.701974,0.900256,0.633551,0.730311,0.738263,0.629043
5.0,57.0,0.801775,0.026127,0.746933,0.0520747,0.655692,0.0294096,0.503386,0.634017,0.983368,0.0284572,0.812385,0.835554,0.0923168,0.0397588,0.843262,0.241546,0.0281649,0.669148,0.732578,0.622474,0.836739,0.767196,0.040146,0.620953,0.838237,0.568499,0.666514,0.727257,0.535118
5.0,57.0,0.748781,0.0305532,0.712343,0.0514438,0.703934,0.0266269,0.60797,0.69715,0.981503,0.0432076,0.811964,0.839613,0.111486,0.0428101,0.824789,0.278904,0.0371898,0.710192,0.711989,0.632984,0.882107,0.783575,0.0427286,0.646608,0.829102,0.636172,0.70802,0.727792,0.71554
5.0,57.0,0.802436,0.026024,0.78703,0.0472739,0.741244,0.0325069,0.595758,0.802263,0.979937,0.0399149,0.841429,0.884128,0.120678,0.0462084,0.845688,0.325691,0.0286205,0.6827,0.782082,0.656065,0.862952,0.805597,0.0417379,0.709283,0.869534,0.604814,0.702052,0.751674,0.65803
5.0,58.0,0.815318,0.0298425,0.724697,0.0484617,0.682114,0.0289815,0.54525,0.712337,0.983372,0.0359537,0.79313,0.844331,0.0982648,0.042588,0.826714,0.231407,0.0259675,0.693019,0.70348,0.68313,0.8581,0.782401,0.0417929,0.617071,0.864128,0.538262,0.661148,0.644129,0.60914
5.0,59.0,0.796635,0.0205988,0.744322,0.0453851,0.69633,0.023193,0.595154,0.731251,0.987687,0.0406241,0.837536,0.86738,0.0595542,0.0377828,0.867096,0.297102,0.0286407,0.717972,0.796497,0.67463,0.880586,0.792353,0.0382457,0.696318,0.887907,0.583043,0.690243,0.725502,0.667662
5.0,59.0,0.77811,0.030471,0.753749,0.0535312,0.712722,0.0275295,0.56741,0.760298,0.981921,0.0317885,0.816076,0.859274,0.132846,0.0328975,0.805685,0.273965,0.0232863,0.686238,0.729159,0.654594,0.89638,0.805418,0.0400634,0.699454,0.852965,0.598445,0.738964,0.726152,0.764928
5.0,59.0,0.804844,0.0440364,0.703086,0.048717,0.708246,0.0248007,0.551791,0.735976,0.986614,0.0491074,0.843082,0.885224,0.0951212,0.0340596,0.799243,0.348122,0.0239421,0.697827,0.755124,0.667203,0.820969,0.75519,0.0329165,0.638436,0.881239,0.62252,0.684239,0.777649,0.568075
5.0,60.0,0.815817,0.0343522,0.782787,0.0469564,0.679151,0.0305576,0.59464,0.766639,0.980681,0.022326,0.797466,0.839694,0.10328,0.0222134,0.842487,0.271962,0.0220874,0.669509,0.714435,0.607448,0.850271,0.774222,0.0376933,0.72863,0.878837,0.618393,0.761779,0.734059,0.685797
5.0,60.0,0.763355,0.0553725,0.804362,0.0524917,0.705068,0.0280793,0.622249,0.768489,0.97611,0.0669361,0.837685,0.898129,0.118812,0.0416414,0.748991,0.329029,0.0294674,0.763004,0.767,0.630306,0.910103,0.781471,0.0550642,0.700757,0.880813,0.60727,0.756072,0.780596,0.717315
5.0,61.0,0.782818,0.0325716,0.706185,0.0481377,0.672413,0.0268644,0.594383,0.734501,0.986112,0.0398062,0.756754,0.863808,0.119075,0.0497392,0.84873,0.289818,0.0301136,0.654606,0.726815,0.663581,0.878341,0.7905,0.0439645,0.645847,0.89175,0.589178,0.684978,0.748657,0.637655
5.0,61.0,0.814877,0.0230274,0.718175,0.0434024,0.654051,0.0288022,0.490287,0.730454,0.981445,0.0311645,0.794345,0.815912,0.0859665,0.0420199,0.818862,0.250995,0.0236342,0.652583,0.733737,0.588208,0.848642,0.7373,0.0359964,0.653086,0.848563,0.560889,0.677509,0.679644,0.510964
5.0,61.0,0.767011,0.0293909,0.716446,0.0424364,0.650403,0.0279444,0.595723,0.704688,0.979765,0.0303872,0.780642,0.829631,0.1125,0.0396564,0.835083,0.304688,0.0296528,0.655669,0.764309,0.651016,0.899806,0.734941,0.0405391,0.658437,0.835699,0.598224,0.687992,0.734979,0.630668
5.0,61.0,0.763424,0.0310711,0.727904,0.0680813,0.684042,0.0282335,0.583842,0.740119,0.982184,0.0330804,0.812569,0.848186,0.151198,0.0379541,0.794135,0.279458,0.0245686,0.687046,0.733836,0.639416,0.883718,0.761812,0.0373918,0.637562,0.828231,0.615156,0.741896,0.722875,0.679629
5.0,61.0,0.805524,0.0327221,0.692516,0.0584577,0.683496,0.0322741,0.530845,0.731043,0.981241,0.0305335,0.825106,0.822312,0.0644348,0.0494089,0.815848,0.271575,0.0196251,0.677482,0.716352,0.660534,0.849581,0.747682,0.0450122,0.618809,0.856734,0.613701,0.648832,0.714801,0.69526
5.0,61.0,0.796265,0.0352961,0.787571,0.05064,0.740296,0.0300661,0.612123,0.792622,0.984197,0.0616713,0.794298,0.887921,0.117779,0.0397527,0.837176,0.288484,0.0287726,0.700023,0.76596,0.634257,0.855627,0.831558,0.0333917,0.743688,0.886718,0.645398,0.775861,0.797394,0.69817
5.0,61.0,0.758352,0.0283892,0.752756,0.0411321,0.687523,0.0277042,0.69876,0.79427,0.98348,0.0479278,0.854768,0.869336,0.11261,0.0447131,0.796731,0.309501,0.0832637,0.723069,0.789799,0.618724,0.929185,0.841162,0.0366076,0.679613,0.846198,0.67386,0.718853,0.722742,0.745887
5.0,62.0,0.789117,0.029078,0.767402,0.0513874,0.695741,0.0232894,0.599385,0.756867,0.984385,0.0346821,0.794732,0.855623,0.0943771,0.0489396,0.823086,0.398014,0.0277584,0.662533,0.795225,0.700257,0.860054,0.800873,0.0495086,0.649072,0.878784,0.593237,0.68926,0.74393,0.686702
5.0,62.0,0.770178,0.0296492,0.737187,0.05338,0.742785,0.0292382,0.596569,0.756684,0.98518,0.0484334,0.806081,0.836388,0.0777207,0.0406309,0.850891,0.286903,0.0315038,0.653428,0.715506,0.667623,0.838169,0.757767,0.0490893,0.660174,0.842014,0.542212,0.728495,0.701632,0.600586
5.0,62.0,0.79489,0.0283478,0.774484,0.0487886,0.667055,0.0282424,0.481252,0.731427,0.983249,0.0347001,0.81474,0.878626,0.0833245,0.0383244,0.820959,0.268783,0.0280655,0.67633,0.749384,0.69597,0.852104,0.731359,0.0404812,0.597663,0.875101,0.531733,0.677674,0.791691,0.55396
5.0,63.0,0.816799,0.0253973,0.704513,0.0519642,0.688693,0.0248338,0.675595,0.715542,0.986371,0.0247942,0.826744,0.854702,0.121726,0.0366157,0.807846,0.270759,0.0279654,0.70829,0.741317,0.55321,0.914603,0.758926,0.0406267,0.641767,0.870178,0.548585,0.759113,0.769406,0.650548
5.0,63.0,0.791962,0.0375447,0.729843,0.0625996,0.6789,0.0315574,0.527387,0.685504,0.982071,0.0455471,0.800062,0.828954,0.0754915,0.0628331,0.811848,0.288427,0.0188253,0.635785,0.720064,0.62967,0.869237,0.733404,0.0571511,0.591192,0.829755,0.528594,0.601277,0.662034,0.578668
5.0,63.0,0.815332,0.0298236,0.770779,0.0597685,0.725002,0.033558,0.692563,0.7219,0.977916,0.0326068,0.83913,0.871094,0.138733,0.0456754,0.812,0.358922,0.0461287,0.743537,0.780531,0.615609,0.901762,0.869213,0.0376687,0.713731,0.856185,0.648305,0.779799,0.755392,0.63352
5.0,63.0,0.767653,0.0308198,0.745986,0.054058,0.695424,0.0302042,0.578705,0.760291,0.979522,0.0387872,0.822598,0.862853,0.0969093,0.0594474,0.760529,0.346618,0.038759,0.715863,0.776399,0.654714,0.862653,0.816156,0.0418936,0.753364,0.870847,0.635239,0.778483,0.774851,0.654176
5.0,63.0,0.77834,0.037799,0.731381,0.0527769,0.661562,0.0297726,0.553515,0.722593,0.983448,0.0716414,0.826558,0.851545,0.0779203,0.0413595,0.735446,0.315444,0.0235755,0.641344,0.758459,0.596631,0.865613,0.794482,0.0393213,0.66883,0.849637,0.628196,0.638569,0.675711,0.583912
5.0,64.0,0.800095,0.0259199,0.723332,0.0420227,0.657417,0.027434,0.565348,0.667552,0.984573,0.0318226,0.836299,0.826286,0.0825196,0.0397392,0.820746,0.312904,0.0268752,0.658307,0.757105,0.629338,0.903401,0.774347,0.0396116,0.671267,0.847495,0.596503,0.598419,0.664272,0.648977
5.0,64.0,0.819493,0.0286704,0.765989,0.0669231,0.675362,0.0295004,0.532279,0.711257,0.978008,0.0395855,0.800687,0.842111,0.0993332,0.0345101,0.804985,0.291618,0.0357299,0.73417,0.72956,0.641723,0.852147,0.764349,0.0574853,0.592777,0.864814,0.614505,0.65618,0.753288,0.65441
5.0,64.0,0.815754,0.0465756,0.717557,0.0698213,0.680078,0.02829,0.499025,0.725475,0.982841,0.0584462,0.855527,0.874609,0.0617228,0.0307151,0.808413,0.260827,0.0282973,0.684934,0.699019,0.668324,0.814039,0.787594,0.0361315,0.599395,0.88359,0.543671,0.727196,0.750457,0.612287
5.0,64.0,0.795661,0.0366364,0.685272,0.0538881,0.645155,0.0220401,0.465479,0.764297,0.983224,0.054093,0.782247,0.832709,0.110398,0.0327799,0.825194,0.250514,0.0222327,0.627626,0.694887,0.680674,0.840837,0.737453,0.0347156,0.605436,0.852624,0.569389,0.622311,0.705662,0.570079
5.0,65.0,0.787199,0.0220478,0.726388,0.0651771,0.649014,0.0239877,0.508647,0.587629,0.984249,0.0286872,0.811687,0.844485,0.0729995,0.0409767,0.800845,0.219812,0.0241976,0.643301,0.67364,0.653114,0.825322,0.744983,0.0399005,0.567138,0.853134,0.518395,0.645123,0.654328,0.421944
5.0,65.0,0.81997,0.0268404,0.683215,0.0505776,0.627859,0.0238404,0.524854,0.715978,0.984224,0.0362333,0.819978,0.862561,0.0959247,0.0347943,0.86524,0.284017,0.0275496,0.680785,0.733325,0.658469,0.859649,0.759302,0.0367711,0.652611,0.855333,0.62582,0.694826,0.749807,0.631432
5.0,65.0,0.826727,0.0522975,0.752281,0.043317,0.63149,0.0262364,0.514523,0.696311,0.981102,0.0621532,0.820849,0.823905,0.0736627,0.0385657,0.803328,0.273729,0.0259608,0.61773,0.743122,0.682247,0.853741,0.744875,0.038569,0.60201,0.840718,0.565015,0.597841,0.7143,0.610547
5.0,66.0,0.790155,0.0318137,0.743148,0.0468665,0.704465,0.0278103,0.636468,0.700391,0.985448,0.030616,0.806575,0.848176,0.11905,0.0434909,0.840068,0.265129,0.0329075,0.610545,0.726458,0.585586,0.887117,0.771555,0.0442879,0.635072,0.816109,0.604927,0.765812,0.68927,0.544459
5.0,66.0,0.804412,0.0534995,0.761203,0.0591556,0.768214,0.0328756,0.654344,0.792186,0.978614,0.0683758,0.805447,0.860806,0.13108,0.0680905,0.78087,0.308779,0.0269568,0.698104,0.757285,0.640965,0.902809,0.811453,0.0850293,0.714839,0.881953,0.615782,0.772705,0.767442,0.72592
5.0,67.0,0.751391,0.0222401,0.737752,0.0648484,0.640413,0.0326317,0.558037,0.731682,0.978995,0.0401995,0.808973,0.83181,0.124761,0.0407672,0.789631,0.275185,0.0366581,0.679566,0.751685,0.655605,0.853445,0.804315,0.042607,0.62165,0.873305,0.63513,0.707691,0.69438,0.710742
5.0,67.0,0.800297,0.0245454,0.739077,0.045459,0.657432,0.0259467,0.50669,0.707855,0.982693,0.0332132,0.807633,0.793935,0.0948282,0.0372584,0.810593,0.309729,0.0227994,0.635593,0.770081,0.655574,0.858968,0.776622,0.043246,0.659545,0.890295,0.575161,0.665279,0.71051,0.636921
5.0,67.0,0.826175,0.0449351,0.71505,0.0485339,0.642372,0.0243069,0.486789,0.737554,0.984937,0.0693753,0.809933,0.824365,0.0960259,0.0265367,0.820134,0.242304,0.0269234,0.664583,0.72524,0.680321,0.806087,0.749068,0.0484493,0.659092,0.843315,0.589519,0.679397,0.68576,0.664492
5.0,67.0,0.801023,0.0440279,0.754635,0.0534335,0.67621,0.0204757,0.60738,0.768179,0.986593,0.0657232,0.837042,0.874277,0.0960225,0.0363955,0.833663,0.271571,0.0209545,0.685217,0.805084,0.627407,0.881492,0.768578,0.0320452,0.67725,0.880203,0.608356,0.73431,0.739627,0.582963
5.0,68.0,0.812056,0.031173,0.737944,0.0572974,0.662179,0.0300202,0.618902,0.724508,0.978665,0.0410207,0.806193,0.879008,0.116728,0.0438369,0.832715,0.301484,0.0283603,0.68406,0.757997,0.695437,0.878548,0.778403,0.0431808,0.662887,0.861984,0.619811,0.714993,0.773238,0.68507
5.0,68.0,0.830405,0.0406014,0.77038,0.067939,0.710038,0.0354368,0.560349,0.713295,0.978574,0.0641862,0.817167,0.855572,0.141465,0.0803394,0.810749,0.251144,0.0276167,0.723213,0.733566,0.615063,0.885543,0.777897,0.0507183,0.658428,0.866567,0.577997,0.766616,0.714035,0.682987
5.0,68.0,0.753672,0.0369177,0.771522,0.0484406,0.706887,0.0240692,0.606259,0.818268,0.9853,0.0496793,0.817162,0.900888,0.0660341,0.0296587,0.799095,0.294392,0.0206233,0.694017,0.781392,0.661027,0.867457,0.813704,0.0475565,0.728064,0.876131,0.586998,0.704398,0.766464,0.6901
5.0,68.0,0.77747,0.0392834,0.743868,0.0526003,0.655185,0.0258291,0.555401,0.718398,0.984639,0.0431696,0.804695,0.836595,0.096768,0.044406,0.835311,0.254726,0.0190476,0.698199,0.713613,0.709063,0.869319,0.811669,0.0508052,0.599505,0.857275,0.587203,0.72242,0.743654,0.640876
5.0,68.0,0.793508,0.0344494,0.771839,0.0475043,0.727304,0.0246529,0.60186,0.766398,0.984534,0.055059,0.805098,0.894115,0.116423,0.0308909,0.840671,0.333234,0.030527,0.694727,0.77296,0.604397,0.877862,0.805076,0.0339683,0.728069,0.882437,0.612235,0.758373,0.7745,0.658723
5.0,69.0,0.809193,0.034886,0.737256,0.0504153,0.67704,0.0269809,0.558023,0.748137,0.982885,0.0299493,0.791935,0.8478,0.102969,0.0407779,0.81141,0.299134,0.040034,0.721443,0.719293,0.634371,0.868687,0.779349,0.0461937,0.669705,0.860906,0.588346,0.735266,0.748372,0.625613
5.0,69.0,0.803984,0.0232374,0.696687,0.0468676,0.690419,0.0268092,0.45949,0.698489,0.982196,0.0318392,0.785306,0.825624,0.069986,0.0360248,0.77685,0.258568,0.0216711,0.600534,0.739852,0.619516,0.779355,0.765872,0.0437099,0.64698,0.840865,0.585188,0.638617,0.734058,0.562979
5.0,70.0,0.779213,0.0264857,0.723062,0.0524842,0.628607,0.0227436,0.501134,0.642496,0.984761,0.031724,0.793002,0.885543,0.121988,0.0422549,0.840063,0.263881,0.0328255,0.643342,0.75506,0.677629,0.884787,0.771039,0.0391852,0.60345,0.864857,0.577069,0.612101,0.677879,0.572525
5.0,70.0,0.794957,0.0293824,0.716021,0.0548332,0.694147,0.0268449,0.577622,0.721649,0.982947,0.0311936,0.815159,0.813172,0.121799,0.0449836,0.849832,0.347771,0.030365,0.662711,0.733783,0.557798,0.870629,0.746423,0.0460783,0.670966,0.879096,0.6006,0.661299,0.759482,0.652206
5.0,71.0,0.806792,0.0367003,0.718762,0.0420469,0.667444,0.0246767,0.579785,0.697147,0.986494,0.0485835,0.826272,0.84643,0.103634,0.0300253,0.822662,0.263928,0.016334,0.684107,0.718733,0.640362,0.887783,0.764028,0.0482764,0.649752,0.864546,0.563569,0.755949,0.71194,0.606767
5.0,71.0,0.808224,0.0239202,0.736112,0.0434693,0.664156,0.0232366,0.558385,0.715094,0.984013,0.0450275,0.840521,0.853948,0.084718,0.0267177,0.792912,0.292826,0.0262185,0.70284,0.751737,0.625003,0.878514,0.786294,0.0339931,0.64552,0.87089,0.536252,0.746567,0.752428,0.681691
5.0,72.0,0.844502,0.0502799,0.753639,0.0573021,0.743685,0.0326835,0.553922,0.815138,0.9759,0.080345,0.833734,0.836947,0.144953,0.0716333,0.813213,0.29157,0.0494863,0.667116,0.696491,0.645977,0.8303,0.807868,0.059213,0.662948,0.853731,0.555042,0.699303,0.700407,0.595891
5.0,73.0,0.833135,0.0247479,0.728481,0.0757526,0.693852,0.0282721,0.588491,0.746825,0.983049,0.0299904,0.83879,0.85175,0.113235,0.0375021,0.848294,0.333229,0.0294461,0.68805,0.757743,0.679345,0.864046,0.783694,0.0415,0.655455,0.848511,0.626326,0.656842,0.716415,0.644085
5.0,73.0,0.796805,0.027248,0.715401,0.0501436,0.66906,0.0268857,0.513596,0.707495,0.982719,0.0453905,0.810684,0.851125,0.0789266,0.0175061,0.810899,0.26025,0.0180205,0.643086,0.75568,0.712639,0.855911,0.728994,0.0166515,0.630328,0.874815,0.569713,0.64211,0.729459,0.598621
5.0,75.0,0.829611,0.0308953,0.728093,0.0484568,0.713519,0.0264614,0.644585,0.7261,0.98281,0.0423378,0.820204,0.850089,0.139005,0.0419597,0.829465,0.299882,0.0332765,0.666061,0.752882,0.689354,0.874779,0.793507,0.0414003,0.663951,0.857073,0.647369,0.754128,0.726859,0.670325
5.0,75.0,0.755829,0.0401459,0.764088,0.0590837,0.688239,0.0348411,0.598634,0.730201,0.979012,0.0596693,0.803377,0.854756,0.0955716,0.0700426,0.692923,0.286791,0.0386036,0.688359,0.715927,0.54059,0.880701,0.805754,0.0402255,0.64311,0.875282,0.587699,0.725892,0.741787,0.598445
5.0,76.0,0.81179,0.0275556,0.724271,0.0599271,0.641592,0.0205819,0.605828,0.702156,0.985956,0.0320009,0.813267,0.85388,0.1073,0.0457412,0.805253,0.29851,0.0347778,0.734162,0.763571,0.65981,0.852533,0.791483,0.0352353,0.649001,0.853579,0.596439,0.727201,0.712143,0.666332
5.0,76.0,0.798249,0.0253752,0.777042,0.0584973,0.712692,0.0333857,0.588288,0.700282,0.980445,0.0446797,0.819317,0.84776,0.133386,0.0430051,0.810893,0.300822,0.0342416,0.703246,0.762215,0.669876,0.86056,0.780168,0.0438112,0.645046,0.87747,0.593591,0.793603,0.759544,0.663928
5.0,76.0,0.807396,0.0246357,0.775486,0.0390209,0.676978,0.0248709,0.571719,0.732218,0.985486,0.0303076,0.841291,0.861616,0.0649172,0.0317902,0.826481,0.274289,0.0251464,0.679053,0.737858,0.754864,0.864944,0.78925,0.0340691,0.693438,0.867464,0.569636,0.633712,0.739158,0.630451
5.0,76.0,0.805594,0.0512258,0.727999,0.0622164,0.664588,0.0395953,0.548705,0.7574,0.977793,0.0798771,0.792926,0.833473,0.114382,0.0778766,0.710363,0.27489,0.0267612,0.701762,0.74151,0.626906,0.861859,0.813767,0.0557871,0.654685,0.868081,0.581244,0.720224,0.755985,0.649511
5.0,77.0,0.806444,0.032705,0.698427,0.0617305,0.687824,0.0311414,0.512088,0.751511,0.978301,0.0432766,0.802739,0.864755,0.103119,0.0558531,0.819362,0.212211,0.0265227,0.66983,0.706423,0.598232,0.849795,0.761539,0.0474511,0.555502,0.899569,0.602207,0.699389,0.747461,0.608564
5.0,81.0,0.830515,0.0345875,0.692848,0.0442337,0.684869,0.0273901,0.578291,0.729392,0.985994,0.0600569,0.837311,0.873543,0.0719038,0.0216849,0.823009,0.271889,0.0146125,0.641185,0.766704,0.662951,0.863997,0.75307,0.0427972,0.59824,0.884713,0.581176,0.711154,0.762294,0.568747
3.0,31.0,0.699048,0.0395616,0.791834,0.0520569,0.647108,0.0294917,0.625478,0.777553,0.984169,0.0617733,0.81935,0.871589,0.116009,0.045794,0.831503,0.328518,0.0299685,0.750131,0.755199,0.7132,0.895421,0.807648,0.0493844,0.733487,0.887484,0.609218,0.579477,0.714386,0.610755
3.0,42.0,0.773589,0.0425274,0.747948,0.0489671,0.676216,0.0249196,0.66799,0.758655,0.981769,0.0410454,0.80612,0.890445,0.0661024,0.039398,0.823106,0.2594,0.0310187,0.727566,0.760222,0.608002,0.871461,0.835524,0.0649587,0.715558,0.890045,0.634031,0.682821,0.749573,0.596237
3.0,44.0,0.731926,0.0251852,0.748653,0.046273,0.658071,0.0239408,0.574918,0.784853,0.983873,0.0369496,0.819716,0.864265,0.0760633,0.0317999,0.835675,0.395312,0.0258882,0.720556,0.783373,0.708261,0.864731,0.794992,0.0403475,0.740512,0.874283,0.619388,0.627794,0.747765,0.643002
3.0,45.0,0.680489,0.036894,0.745475,0.0536927,0.666809,0.0313776,0.591385,0.724661,0.981293,0.0466685,0.797143,0.825085,0.119198,0.0375306,0.825518,0.291403,0.0298836,0.686566,0.713411,0.66865,0.868412,0.773977,0.0414091,0.652372,0.856728,0.625801,0.719071,0.715477,0.627755
3.0,45.0,0.805588,0.048616,0.778389,0.047623,0.638498,0.0258477,0.578955,0.745204,0.982499,0.0560573,0.798155,0.866221,0.154783,0.0296166,0.790106,0.2728,0.0289537,0.655582,0.766818,0.683467,0.886185,0.771722,0.0507748,0.621578,0.863728,0.593713,0.635242,0.731815,0.629077
3.0,48.0,0.715887,0.0311745,0.798636,0.0529287,0.698268,0.0324318,0.541374,0.787808,0.976867,0.0430538,0.816279,0.864377,0.118341,0.0518897,0.792396,0.368656,0.0253978,0.746455,0.795471,0.718037,0.838923,0.820568,0.0458924,0.729291,0.864299,0.631095,0.693269,0.766329,0.645532
6.0,50.0,0.777631,0.0280606,0.631187,0.0363483,0.645949,0.0248775,0.528225,0.740612,0.977075,0.0430255,0.774219,0.806295,0.0927077,0.0391946,0.838269,0.280002,0.0243345,0.618113,0.737209,0.631203,0.861752,0.729233,0.0408667,0.608785,0.84361,0.532698,0.525925,0.666279,0.490931
6.0,50.0,0.78377,0.0338922,0.738872,0.0477844,0.67271,0.0288336,0.562439,0.702954,0.980727,0.069189,0.817517,0.868088,0.131373,0.0541063,0.803106,0.267817,0.0208522,0.69454,0.719985,0.645857,0.85167,0.786214,0.0355181,0.638633,0.885321,0.63869,0.672362,0.699,0.610223
6.0,50.0,0.79625,0.0311744,0.730149,0.0530983,0.695356,0.0324421,0.540605,0.71781,0.979136,0.0569546,0.765607,0.823099,0.0973683,0.0569501,0.825407,0.287555,0.0202975,0.652633,0.73609,0.641996,0.884866,0.755747,0.0429913,0.673175,0.850653,0.579174,0.67405,0.716865,0.598924
6.0,50.0,0.711408,0.0400976,0.758159,0.0667417,0.703185,0.0327375,0.630694,0.716138,0.977793,0.0524228,0.822879,0.859951,0.0984551,0.0391622,0.790358,0.311765,0.0281112,0.643977,0.75567,0.670561,0.887558,0.792007,0.052087,0.686633,0.855435,0.604182,0.737533,0.773003,0.705466
6.0,50.0,0.80753,0.0278728,0.736865,0.0462072,0.688768,0.0270125,0.639124,0.77247,0.986326,0.042033,0.752944,0.877278,0.0926088,0.0155428,0.810043,0.248146,0.0189438,0.696945,0.782623,0.648822,0.886433,0.794493,0.0498664,0.714229,0.892871,0.628962,0.740171,0.755339,0.612867
6.0,51.0,0.811887,0.0234257,0.777516,0.0496973,0.715044,0.0232325,0.55192,0.726497,0.983361,0.0353027,0.831383,0.857196,0.084257,0.0215822,0.749139,0.197825,0.0210833,0.687707,0.732774,0.642681,0.863039,0.743537,0.0374643,0.634534,0.853733,0.513428,0.572679,0.694583,0.564285
6.0,51.0,0.763824,0.0290681,0.725443,0.0548508,0.698619,0.0291465,0.623359,0.758616,0.980249,0.0404464,0.832871,0.828202,0.0931253,0.0420525,0.813535,0.347158,0.0383505,0.720485,0.767453,0.6191,0.888352,0.82106,0.0511876,0.673583,0.868078,0.60119,0.755535,0.748058,0.70042
6.0,51.0,0.727643,0.0411048,0.759427,0.0514677,0.722831,0.0270151,0.64344,0.771572,0.985686,0.0567468,0.814993,0.847155,0.0956751,0.0334558,0.803454,0.351088,0.0281534,0.693368,0.738716,0.682345,0.888497,0.770352,0.0471499,0.743264,0.826712,0.64038,0.737722,0.754277,0.704444
6.0,51.0,0.731159,0.0380799,0.74252,0.0529249,0.649138,0.0271096,0.541786,0.706659,0.982688,0.0650848,0.837487,0.885341,0.0965679,0.0330807,0.810821,0.296717,0.0336719,0.702439,0.750499,0.671978,0.866923,0.819049,0.052864,0.703923,0.88982,0.592856,0.712377,0.759817,0.608547
6.0,52.0,0.775664,0.0385978,0.757997,0.051335,0.689379,0.0277669,0.646445,0.725232,0.981212,0.0462905,0.792143,0.843046,0.104342,0.0516342,0.836815,0.338196,0.0300674,0.698588,0.796936,0.729581,0.890774,0.84917,0.0408631,0.743148,0.836645,0.62614,0.695427,0.703762,0.638012
6.0,52.0,0.7895,0.0315646,0.747692,0.0541276,0.698028,0.0294642,0.58608,0.760221,0.981273,0.0511017,0.807366,0.825816,0.12556,0.0375529,0.809407,0.347727,0.0372246,0.677903,0.746353,0.731878,0.872262,0.795869,0.0381084,0.666678,0.865457,0.602708,0.677487,0.72555,0.596181
6.0,52.0,0.770827,0.0325818,0.700914,0.0518134,0.698975,0.0328814,0.579668,0.759472,0.980021,0.0265764,0.76299,0.854294,0.123703,0.0568171,0.848237,0.300584,0.0323543,0.635392,0.72289,0.687306,0.877067,0.787108,0.031453,0.667191,0.853546,0.62738,0.665836,0.683386,0.661246
6.0,53.0,0.712512,0.0464955,0.729013,0.0593069,0.727545,0.0298905,0.647933,0.78748,0.981711,0.0690848,0.780314,0.877822,0.152372,0.0958065,0.813253,0.338099,0.0548487,0.71144,0.780536,0.708333,0.881848,0.799829,0.0494832,0.697695,0.863263,0.661989,0.821088,0.732146,0.678619
6.0,53.0,0.814073,0.0391365,0.739293,0.0509943,0.672842,0.0247857,0.562777,0.766924,0.980373,0.0459065,0.760955,0.854866,0.0837971,0.0447162,0.821641,0.292776,0.0296865,0.700391,0.765507,0.70766,0.854996,0.769483,0.0487059,0.599048,0.869614,0.633272,0.661737,0.75047,0.670642
6.0,53.0,0.731371,0.0377792,0.82015,0.0574661,0.7137,0.0241562,0.632193,0.749301,0.977931,0.037359,0.836905,0.870691,0.128553,0.0431963,0.801087,0.310199,0.0360757,0.72478,0.783126,0.646459,0.875521,0.804071,0.0338235,0.689814,0.879988,0.632605,0.708598,0.801782,0.667859
6.0,54.0,0.767145,0.019835,0.721648,0.0465635,0.635781,0.0222977,0.549552,0.77637,0.986755,0.0288384,0.77362,0.854757,0.0787324,0.0370856,0.843661,0.307746,0.0282807,0.666788,0.731128,0.721329,0.845956,0.687202,0.0388873,0.70807,0.913142,0.607311,0.72492,0.750893,0.593842
6.0,54.0,0.782794,0.0286921,0.783112,0.051053,0.67697,0.0320924,0.621739,0.771738,0.982034,0.0353547,0.791653,0.876667,0.132093,0.0371407,0.807008,0.256329,0.0294484,0.726572,0.752652,0.594608,0.86003,0.785556,0.0417437,0.691993,0.854423,0.606778,0.746248,0.736325,0.582634
6.0,54.0,0.764,0.0290377,0.677818,0.0443981,0.692216,0.0326474,0.531036,0.735783,0.973814,0.0211792,0.80528,0.857139,0.113496,0.0503535,0.822892,0.286168,0.0331675,0.694338,0.699922,0.7133,0.859256,0.75605,0.0497959,0.662489,0.840829,0.652344,0.719941,0.742442,0.598322
6.0,55.0,0.795311,0.0374515,0.802948,0.0495277,0.711293,0.0318439,0.620137,0.780476,0.982538,0.0608133,0.807417,0.834671,0.108098,0.0491982,0.81949,0.30169,0.0302006,0.713588,0.749076,0.688531,0.890326,0.772772,0.047883,0.700116,0.856964,0.623515,0.694917,0.714688,0.681235
6.0,55.0,0.734215,0.0453521,0.727642,0.0571926,0.654343,0.0277881,0.598312,0.73376,0.976799,0.0350706,0.789496,0.835061,0.105966,0.0462425,0.834231,0.310671,0.030078,0.675247,0.761248,0.676684,0.835959,0.790822,0.044902,0.636771,0.877485,0.630504,0.649843,0.70735,0.750262
6.0,55.0,0.807139,0.0411652,0.773472,0.0518727,0.731389,0.0319916,0.670548,0.802323,0.978158,0.0319374,0.84642,0.87209,0.157322,0.0505545,0.750042,0.320792,0.0320072,0.730232,0.755681,0.508803,0.901493,0.811321,0.0442049,0.701618,0.873535,0.607894,0.774168,0.749646,0.676787
6.0,56.0,0.803837,0.0322079,0.756995,0.0463248,0.601288,0.0249826,0.504604,0.703839,0.982055,0.0518733,0.801727,0.829016,0.0757136,0.0411026,0.771388,0.247731,0.0283923,0.625483,0.686403,0.710139,0.854063,0.706561,0.0408487,0.646005,0.855439,0.555507,0.572428,0.668427,0.615214
6.0,56.0,0.785473,0.0307999,0.809914,0.0571452,0.664165,0.0317763,0.554849,0.744537,0.983401,0.0354952,0.836756,0.871067,0.0886671,0.0421779,0.836785,0.321326,0.0271792,0.667123,0.76566,0.704408,0.853103,0.836994,0.0419461,0.689272,0.868211,0.608935,0.619702,0.735172,0.644786
6.0,56.0,0.768275,0.0316925,0.74619,0.0554226,0.672578,0.0271435,0.619251,0.769947,0.973475,0.0581185,0.845688,0.879246,0.133658,0.0588385,0.822407,0.286809,0.0262035,0.696017,0.760941,0.642639,0.881642,0.77225,0.042586,0.730568,0.883681,0.635174,0.721013,0.763818,0.693456
6.0,56.0,0.816513,0.041107,0.788259,0.0518609,0.693292,0.0274747,0.61164,0.791889,0.98405,0.034315,0.80903,0.863809,0.103626,0.0309273,0.844593,0.308797,0.0184842,0.699216,0.748286,0.626565,0.856428,0.796385,0.0394906,0.675412,0.857417,0.61443,0.72143,0.736859,0.673758
6.0,56.0,0.768123,0.0442711,0.733872,0.0490041,0.671224,0.0240559,0.552084,0.75502,0.982069,0.0709006,0.835265,0.88339,0.0740571,0.0262738,0.837685,0.276848,0.0240609,0.66294,0.767478,0.667634,0.854284,0.8182,0.0315367,0.651983,0.882845,0.581865,0.67646,0.726071,0.66181
6.0,57.0,0.799151,0.0392054,0.763702,0.0453717,0.698216,0.0345984,0.620953,0.795661,0.981464,0.064779,0.834863,0.872957,0.126167,0.0479672,0.806165,0.316715,0.0270121,0.684598,0.743576,0.592584,0.896057,0.834924,0.0455257,0.690078,0.877801,0.610337,0.782106,0.736126,0.659245
6.0,57.0,0.766193,0.0321205,0.721155,0.0471333,0.700234,0.0271252,0.612595,0.78825,0.985557,0.0565576,0.796775,0.865039,0.0868334,0.0464984,0.807927,0.335958,0.0270673,0.69091,0.781198,0.657325,0.926644,0.875578,0.0333095,0.735515,0.884023,0.640168,0.729858,0.840893,0.724194
6.0,57.0,0.809995,0.0330712,0.769837,0.0525311,0.684689,0.0251502,0.570836,0.810091,0.980976,0.0323033,0.86698,0.860544,0.077024,0.0554944,0.804724,0.299606,0.0142059,0.708173,0.768653,0.737772,0.879005,0.790225,0.0567897,0.673929,0.899882,0.625813,0.628751,0.773632,0.653473
6.0,57.0,0.797495,0.0389633,0.776342,0.0459194,0.74638,0.0285391,0.599495,0.705702,0.981971,0.0358787,0.813756,0.874296,0.0990664,0.0271492,0.831885,0.277028,0.0246783,0.678889,0.738117,0.624497,0.852604,0.784816,0.0295719,0.671362,0.874436,0.606995,0.790431,0.797912,0.65396
6.0,57.0,0.821268,0.0387349,0.81275,0.052776,0.758359,0.0296027,0.661791,0.785011,0.977901,0.0356665,0.831872,0.877447,0.137977,0.0534135,0.71421,0.33413,0.0415316,0.709586,0.789277,0.565294,0.917147,0.836427,0.045243,0.709002,0.87054,0.626888,0.842073,0.750476,0.738278
6.0,57.0,0.777739,0.0337536,0.786847,0.0580318,0.682904,0.030199,0.589671,0.707075,0.98392,0.041396,0.822138,0.851157,0.110526,0.0389342,0.823515,0.259407,0.0237046,0.695693,0.716718,0.63379,0.885099,0.806935,0.0403325,0.702704,0.854119,0.529429,0.758745,0.700748,0.653633
6.0,57.0,0.782107,0.0327772,0.751444,0.0552858,0.717088,0.024368,0.531307,0.729701,0.98268,0.0473724,0.858904,0.891653,0.0951627,0.054075,0.802668,0.261817,0.0429522,0.775054,0.749705,0.632489,0.839227,0.788246,0.0338415,0.666477,0.876554,0.592672,0.706963,0.799381,0.587023
6.0,57.0,0.805545,0.0351666,0.841487,0.0634792,0.674798,0.0275798,0.631967,0.796955,0.981891,0.0525967,0.826801,0.899137,0.107042,0.0268745,0.804514,0.309566,0.0177806,0.758617,0.764654,0.653965,0.8502,0.809201,0.0334495,0.69239,0.902549,0.604585,0.707721,0.781526,0.676658
6.0,58.0,0.799574,0.0268237,0.760667,0.0517387,0.731275,0.0294745,0.567251,0.785152,0.983244,0.0369263,0.82021,0.86789,0.0991201,0.0389547,0.851402,0.299809,0.0277682,0.696182,0.759906,0.660525,0.888216,0.869873,0.0479138,0.71254,0.874832,0.580051,0.615085,0.718526,0.648905
6.0,58.0,0.802294,0.031863,0.757173,0.0536302,0.714448,0.0331201,0.559635,0.782854,0.977229,0.0293753,0.849116,0.882156,0.121462,0.0438898,0.773808,0.339126,0.0309217,0.690911,0.784416,0.60706,0.859925,0.79034,0.0375579,0.708575,0.889534,0.615513,0.734598,0.79264,0.560762
6.0,58.0,0.756202,0.0379367,0.718814,0.0548386,0.703673,0.030192,0.544452,0.762611,0.981618,0.0302675,0.821558,0.842579,0.103905,0.0530515,0.762697,0.256921,0.0508549,0.661491,0.766071,0.568908,0.891044,0.77012,0.0384386,0.703153,0.846856,0.58248,0.693967,0.734607,0.608738
6.0,58.0,0.79831,0.0339418,0.753036,0.0504816,0.689264,0.032876,0.582615,0.805883,0.980993,0.0478756,0.842187,0.835368,0.123624,0.0438706,0.835604,0.284151,0.0342737,0.716636,0.725214,0.705218,0.868561,0.804051,0.039969,0.68593,0.844098,0.633307,0.684741,0.700299,0.671192
6.0,58.0,0.763833,0.0404106,0.772904,0.05397,0.68866,0.0234752,0.648258,0.724101,0.986885,0.0512095,0.855633,0.868065,0.107824,0.0305234,0.8125,0.288614,0.0103781,0.676269,0.780903,0.692271,0.929287,0.839579,0.0401813,0.698468,0.890303,0.608365,0.718652,0.703047,0.693011
6.0,58.0,0.781938,0.0480112,0.760155,0.043454,0.660078,0.0250566,0.577395,0.738536,0.984181,0.0724538,0.844249,0.887435,0.0623396,0.0259539,0.851227,0.294871,0.0254297,0.735598,0.764749,0.723373,0.871447,0.773832,0.0420782,0.656895,0.870001,0.622027,0.72235,0.752781,0.644644
6.0,59.0,0.797364,0.0340142,0.75325,0.0520987,0.719205,0.0249234,0.618528,0.806091,0.981491,0.0523609,0.797181,0.864576,0.121259,0.0375985,0.832865,0.328428,0.0346443,0.652312,0.781854,0.715486,0.878394,0.861512,0.0401921,0.683243,0.825148,0.635226,0.677601,0.754495,0.612699
6.0,59.0,0.81571,0.025119,0.816408,0.0537232,0.68439,0.0294367,0.605053,0.789178,0.982152,0.0767939,0.841729,0.885694,0.121159,0.0451941,0.802852,0.297702,0.0319538,0.694848,0.756,0.638849,0.877467,0.830818,0.0330035,0.697278,0.888841,0.652295,0.622892,0.711124,0.631463
6.0,59.0,0.77069,0.023565,0.794684,0.0583009,0.715449,0.0293338,0.577726,0.796981,0.979108,0.0367053,0.813334,0.877421,0.104402,0.0419516,0.806889,0.274579,0.0229293,0.681228,0.765411,0.718885,0.855917,0.704699,0.046016,0.733422,0.863768,0.615064,0.690697,0.757155,0.668846
6.0,59.0,0.739371,0.0398623,0.772773,0.0544972,0.724644,0.0276557,0.701408,0.724812,0.986341,0.043645,0.848139,0.839334,0.126894,0.0377446,0.81043,0.355126,0.0358413,0.720076,0.784807,0.576681,0.907541,0.776729,0.0306364,0.749666,0.844982,0.625215,0.763665,0.769956,0.71283
6.0,59.0,0.786539,0.0469182,0.764603,0.0532299,0.663793,0.0242283,0.600179,0.759025,0.986609,0.0526143,0.796422,0.84876,0.117928,0.0196247,0.845574,0.280329,0.0305176,0.680689,0.771763,0.694003,0.872795,0.782055,0.0361886,0.671627,0.848677,0.613338,0.702056,0.731012,0.640174
6.0,60.0,0.792325,0.0300605,0.740097,0.036976,0.664448,0.0225198,0.595257,0.74236,0.985167,0.0256191,0.827338,0.852989,0.0820909,0.0405695,0.867385,0.324193,0.0221029,0.710969,0.754231,0.675305,0.855502,0.818991,0.0389987,0.700731,0.882454,0.612769,0.751858,0.772284,0.666969
6.0,60.0,0.810476,0.0381624,0.746466,0.0618527,0.733705,0.0302276,0.589881,0.757679,0.983715,0.0317648,0.810707,0.868951,0.0867627,0.0396351,0.878886,0.33631,0.0285468,0.717954,0.750584,0.675263,0.848827,0.775629,0.0440494,0.709834,0.834772,0.632894,0.739279,0.779282,0.632503
6.0,60.0,0.769215,0.0280318,0.750167,0.0514329,0.687468,0.0289363,0.563628,0.713472,0.976504,0.0332107,0.815691,0.856874,0.0992611,0.0401405,0.843545,0.286903,0.030633,0.643835,0.766438,0.687011,0.873746,0.782794,0.0426397,0.654227,0.922437,0.614043,0.742372,0.758361,0.619615
6.0,60.0,0.788946,0.0489236,0.817218,0.0661704,0.753953,0.0366581,0.644531,0.825745,0.980025,0.0673574,0.879338,0.889268,0.140494,0.0908876,0.803926,0.416109,0.0275479,0.686862,0.756777,0.628989,0.912603,0.845107,0.0563641,0.753465,0.892848,0.655295,0.82551,0.758494,0.696396
6.0,60.0,0.781225,0.05034,0.720416,0.0466126,0.717937,0.034841,0.605585,0.730208,0.980097,0.064642,0.831647,0.825994,0.127663,0.0754659,0.818145,0.309927,0.0404224,0.67006,0.757023,0.608953,0.899239,0.781598,0.0632222,0.680061,0.864042,0.612424,0.73466,0.734467,0.688452
6.0,60.0,0.789344,0.0373739,0.70201,0.0458608,0.670445,0.023668,0.521917,0.733968,0.98177,0.0619919,0.785191,0.851048,0.0812566,0.0186609,0.832818,0.297423,0.0226222,0.733132,0.70677,0.663458,0.885234,0.732508,0.0377563,0.647062,0.82649,0.570701,0.630555,0.768574,0.65733
6.0,60.0,0.825521,0.0321089,0.754578,0.0368618,0.680814,0.0267976,0.585626,0.775918,0.983746,0.0458223,0.831792,0.886093,0.0910259,0.0319861,0.874952,0.295966,0.0177691,0.711482,0.751353,0.617989,0.867981,0.83142,0.0363184,0.643153,0.881104,0.617836,0.762567,0.799416,0.638333
6.0,61.0,0.799293,0.030593,0.797845,0.0581338,0.715108,0.0351671,0.564861,0.730693,0.982892,0.0216774,0.8363,0.85643,0.121873,0.0514315,0.778994,0.294144,0.0313702,0.658559,0.724144,0.671623,0.871178,0.757059,0.0331092,0.635787,0.838553,0.556653,0.738946,0.716494,0.639958
6.0,61.0,0.787093,0.0390773,0.682452,0.0568581,0.68749,0.0324466,0.566793,0.741472,0.978313,0.0459112,0.781144,0.826824,0.0860721,0.0493728,0.833046,0.269199,0.0254228,0.667848,0.729102,0.626536,0.860434,0.765291,0.0504779,0.633835,0.859221,0.629243,0.646654,0.705383,0.684459
6.0,61.0,0.792771,0.0286911,0.766066,0.0392988,0.703967,0.010655,0.64768,0.741575,0.985007,0.039745,0.852002,0.857895,0.098288,0.0124481,0.827938,0.353398,0.0277599,0.691065,0.813236,0.701282,0.910431,0.79545,0.0167906,0.704535,0.880139,0.633895,0.687563,0.74747,0.62888
6.0,62.0,0.816278,0.0283224,0.725303,0.047704,0.597075,0.0255349,0.500062,0.744535,0.983192,0.0480748,0.818329,0.868485,0.0531968,0.0422605,0.816422,0.269063,0.0248896,0.641745,0.737405,0.653942,0.877043,0.744827,0.036085,0.695756,0.871289,0.599602,0.671524,0.707758,0.555977
6.0,62.0,0.772772,0.034052,0.749682,0.0699201,0.660548,0.0277701,0.608373,0.782268,0.983501,0.0481272,0.822694,0.844399,0.0927593,0.0430093,0.826457,0.346532,0.0247226,0.708254,0.769468,0.690749,0.884492,0.822745,0.040866,0.693176,0.881316,0.634599,0.722612,0.771393,0.68717
6.0,62.0,0.812243,0.0256911,0.772244,0.0538786,0.676975,0.0279678,0.570567,0.719971,0.984292,0.0377829,0.781118,0.859523,0.0773585,0.0428448,0.836783,0.270951,0.0270186,0.707511,0.71688,0.705064,0.832089,0.770865,0.0484172,0.661281,0.854894,0.609733,0.6802,0.743167,0.618284
6.0,62.0,0.797669,0.0351966,0.685785,0.0489869,0.655716,0.0258399,0.510485,0.688199,0.984286,0.0421485,0.81298,0.862212,0.0804222,0.037788,0.818024,0.256819,0.0167788,0.651421,0.72927,0.697515,0.90996,0.755261,0.0382036,0.652243,0.847124,0.587731,0.668961,0.721113,0.575368
6.0,62.0,0.797371,0.0366688,0.750975,0.0518956,0.672264,0.024559,0.574734,0.722797,0.984342,0.0356865,0.822129,0.856906,0.100079,0.0292691,0.812833,0.24773,0.0234361,0.690057,0.747801,0.695925,0.896537,0.792387,0.0516596,0.640193,0.861216,0.619758,0.720221,0.719237,0.604259
6.0,62.0,0.78167,0.0354399,0.721164,0.0549788,0.665289,0.0325982,0.549894,0.774812,0.981168,0.0327826,0.836998,0.874902,0.0930551,0.0497647,0.836773,0.281974,0.022607,0.672737,0.777378,0.695329,0.859782,0.795993,0.0292871,0.719283,0.882538,0.599083,0.687731,0.75029,0.701182
6.0,62.0,0.774446,0.0274451,0.728669,0.0425449,0.628695,0.027407,0.51452,0.744075,0.985836,0.0476025,0.778664,0.860158,0.106644,0.0270285,0.79398,0.288686,0.0166802,0.683457,0.710454,0.672443,0.849513,0.793994,0.0432901,0.675494,0.895863,0.585072,0.628949,0.747606,0.650163
6.0,63.0,0.821987,0.0303262,0.714005,0.0403823,0.616796,0.0268158,0.547333,0.694068,0.9839,0.0420993,0.796299,0.850319,0.0896885,0.0382951,0.799624,0.234707,0.0303078,0.696744,0.70849,0.668649,0.855426,0.749927,0.0412368,0.581081,0.869365,0.532948,0.701523,0.67721,0.527828
6.0,63.0,0.810598,0.0250878,0.728845,0.0589432,0.655209,0.0312971,0.504944,0.710194,0.978122,0.0367243,0.78017,0.839041,0.146792,0.0399313,0.811924,0.226822,0.0390008,0.664417,0.727483,0.654595,0.801159,0.749097,0.0676002,0.615644,0.86197,0.596238,0.609733,0.701326,0.652664
6.0,63.0,0.795725,0.0482507,0.727247,0.051408,0.70441,0.0321506,0.591765,0.783853,0.980242,0.0637126,0.822411,0.84315,0.0976813,0.0562788,0.781061,0.293914,0.0306317,0.644257,0.709397,0.597995,0.889111,0.783998,0.0339843,0.733814,0.841177,0.617983,0.714886,0.698952,0.694953
6.0,64.0,0.791526,0.0298415,0.752122,0.0474923,0.714681,0.0268251,0.609923,0.758063,0.981653,0.035705,0.834391,0.843795,0.109927,0.0325672,0.820114,0.316343,0.0262581,0.690251,0.743513,0.618881,0.906296,0.791881,0.0390318,0.685472,0.859268,0.63886,0.736572,0.740177,0.653226
6.0,64.0,0.778793,0.0297815,0.792029,0.0398056,0.714438,0.0282565,0.656591,0.73727,0.980154,0.0303582,0.828557,0.835658,0.111786,0.0384871,0.829009,0.328266,0.0427744,0.698333,0.746244,0.55981,0.909291,0.771919,0.0422775,0.63659,0.865108,0.583423,0.742181,0.702796,0.625206
6.0,64.0,0.759867,0.0314126,0.706001,0.0539169,0.660797,0.0248078,0.526193,0.750806,0.984277,0.0272256,0.828616,0.873087,0.0754087,0.0278332,0.857176,0.296945,0.0354542,0.657058,0.746411,0.689583,0.869138,0.79778,0.0354129,0.664232,0.858933,0.593622,0.639916,0.737345,0.602594
6.0,64.0,0.809363,0.0354058,0.765501,0.0521686,0.673303,0.0283562,0.558918,0.748345,0.981992,0.0433462,0.809133,0.858208,0.0955221,0.0421037,0.811419,0.253865,0.0318021,0.676385,0.75424,0.583268,0.850708,0.809848,0.0316951,0.634601,0.857868,0.552345,0.720414,0.722903,0.618788
6.0,64.0,0.804986,0.0341998,0.768029,0.0416393,0.654153,0.027495,0.578146,0.803528,0.979056,0.0445536,0.817985,0.904445,0.115564,0.0291071,0.801754,0.335482,0.028713,0.70651,0.754884,0.623763,0.84278,0.821919,0.0491287,0.67589,0.892883,0.630608,0.623368,0.764986,0.698853
6.0,65.0,0.746628,0.035114,0.727956,0.0507358,0.633629,0.0246207,0.567626,0.702222,0.982917,0.0319811,0.731254,0.846225,0.119629,0.044155,0.787787,0.303136,0.0333311,0.649404,0.699823,0.60219,0.843042,0.83553,0.04641,0.638442,0.875232,0.609952,0.614602,0.661641,0.700563
6.0,65.0,0.776326,0.0297351,0.723558,0.0478888,0.729115,0.0299261,0.623606,0.726854,0.981731,0.0351258,0.862287,0.873321,0.106561,0.0358855,0.78108,0.318845,0.0268592,0.702846,0.758737,0.545576,0.875363,0.790829,0.0423259,0.6776,0.877004,0.603808,0.808304,0.746448,0.678879
6.0,65.0,0.78816,0.0345511,0.785879,0.0529415,0.716177,0.0275954,0.661976,0.764831,0.981114,0.0356407,0.850778,0.868685,0.109766,0.0314956,0.797934,0.344689,0.0251514,0.724577,0.785386,0.599947,0.928473,0.820458,0.023845,0.709834,0.881397,0.631028,0.738898,0.770004,0.714961
6.0,65.0,0.776027,0.039029,0.724359,0.0491053,0.680927,0.0276085,0.558082,0.779038,0.985536,0.0524334,0.791226,0.850235,0.152637,0.0450439,0.797049,0.274753,0.0352671,0.707209,0.747173,0.654585,0.865678,0.777856,0.0394452,0.614347,0.879935,0.634387,0.647668,0.724258,0.666008
6.0,65.0,0.817956,0.0240778,0.751131,0.0510947,0.72211,0.0275833,0.488916,0.705999,0.983894,0.0567571,0.817272,0.86816,0.110383,0.0398913,0.837974,0.313136,0.0241626,0.660328,0.734017,0.667021,0.886589,0.801735,0.0412484,0.687251,0.871423,0.602383,0.668862,0.762631,0.628879
6.0,65.0,0.816225,0.0364378,0.712361,0.0400237,0.676382,0.0245074,0.565891,0.676244,0.982583,0.0304451,0.814231,0.834039,0.100943,0.0255143,0.783604,0.200402,0.0199054,0.631179,0.710745,0.684092,0.833325,0.74952,0.0439803,0.638209,0.840589,0.560774,0.669854,0.770602,0.539562
6.0,66.0,0.789893,0.0318595,0.687077,0.057331,0.669033,0.0232908,0.571846,0.699038,0.983612,0.0594157,0.793838,0.798844,0.115713,0.0412689,0.746795,0.293733,0.0280419,0.668005,0.703726,0.602573,0.857107,0.737434,0.0312864,0.647476,0.852784,0.612215,0.753983,0.757228,0.596854
6.0,66.0,0.778642,0.0404299,0.721726,0.0500244,0.649831,0.0309218,0.633027,0.687988,0.98148,0.0709995,0.818444,0.848933,0.126597,0.0415239,0.753756,0.304816,0.0289545,0.689309,0.756813,0.628018,0.873639,0.781409,0.0442744,0.644922,0.845011,0.600093,0.755649,0.763492,0.601337
6.0,66.0,0.797856,0.0374249,0.692367,0.0506942,0.676603,0.0258188,0.597055,0.751126,0.981821,0.0350619,0.774957,0.852248,0.12026,0.0385053,0.79902,0.275989,0.0225646,0.64923,0.743946,0.691509,0.864968,0.718273,0.0353867,0.688923,0.8644,0.597754,0.737408,0.772281,0.6732
6.0,66.0,0.833389,0.0319077,0.715083,0.0486753,0.670081,0.024931,0.50037,0.70408,0.97878,0.0471159,0.759752,0.862499,0.102911,0.0371307,0.842531,0.214471,0.0181403,0.669617,0.701739,0.671486,0.88063,0.771835,0.0492173,0.610768,0.845687,0.543225,0.637335,0.723059,0.616229
6.0,66.0,0.812451,0.0409298,0.731139,0.030827,0.68113,0.0276961,0.558397,0.646897,0.979321,0.0531586,0.828197,0.837553,0.0836123,0.0386968,0.816508,0.225087,0.0279734,0.725476,0.740198,0.689769,0.892676,0.754657,0.0651427,0.606989,0.852071,0.542495,0.696684,0.717714,0.614566
6.0,67.0,0.7899,0.0329463,0.755007,0.0591746,0.73745,0.0304987,0.588949,0.736845,0.982643,0.0348585,0.822316,0.83714,0.0782574,0.0394505,0.806426,0.23854,0.0285834,0.640018,0.745798,0.593542,0.862675,0.773304,0.0515355,0.683304,0.812927,0.617907,0.656243,0.73706,0.603225
6.0,67.0,0.781381,0.0353057,0.754783,0.0501454,0.694757,0.0303163,0.540213,0.759717,0.979526,0.0308949,0.824083,0.85222,0.115873,0.0496621,0.804687,0.335199,0.033755,0.680425,0.779681,0.666818,0.863277,0.790185,0.0418865,0.700673,0.850343,0.618428,0.773645,0.770585,0.679114
6.0,67.0,0.768866,0.0347898,0.795391,0.0538163,0.694233,0.0337809,0.582762,0.723634,0.980439,0.0383329,0.853525,0.880596,0.103795,0.0546212,0.772999,0.301833,0.025251,0.66481,0.734219,0.612674,0.85055,0.817576,0.0413417,0.66311,0.890275,0.638243,0.691715,0.758022,0.659947
6.0,67.0,0.800322,0.0385479,0.772405,0.0458345,0.736797,0.0309775,0.614543,0.787434,0.985568,0.0668956,0.816312,0.901167,0.124851,0.0367999,0.808927,0.373225,0.0296111,0.719656,0.769675,0.65194,0.896092,0.81303,0.0402197,0.715388,0.871937,0.571905,0.725152,0.723143,0.715362
6.0,68.0,0.778454,0.0288613,0.697049,0.0341556,0.699909,0.0271862,0.629745,0.765065,0.97958,0.0306911,0.793679,0.850557,0.109187,0.0392105,0.832315,0.313102,0.032775,0.694869,0.777863,0.650524,0.847083,0.80131,0.0534073,0.686617,0.865498,0.590375,0.745937,0.789417,0.678347
6.0,69.0,0.77706,0.0380641,0.819715,0.0412491,0.678958,0.0234377,0.697982,0.639812,0.983636,0.0572522,0.818523,0.498342,0.237249,0.0470087,0.838959,0.391872,0.0303597,0.731898,0.803197,0.412419,0.722104,0.876332,0.0368584,0.738765,0.887311,0.659015,0.626582,0.78247,0.44402
6.0,69.0,0.821871,0.0390642,0.760252,0.0517382,0.742376,0.0282919,0.571385,0.770383,0.980861,0.0417657,0.826889,0.874192,0.104562,0.024222,0.863239,0.270537,0.0162466,0.644123,0.759921,0.650501,0.876348,0.787508,0.0369118,0.621229,0.869766,0.595859,0.710589,0.743078,0.718718
6.0,70.0,0.845422,0.0431216,0.796196,0.044847,0.768085,0.0302482,0.659114,0.799787,0.981865,0.0464247,0.837628,0.869241,0.142248,0.0498743,0.806039,0.374457,0.0281199,0.766644,0.75848,0.605517,0.892477,0.789982,0.0477512,0.769399,0.852463,0.653367,0.838351,0.738268,0.728094
6.0,70.0,0.827963,0.0262277,0.782156,0.0535899,0.724469,0.0255843,0.678803,0.76798,0.984056,0.0413225,0.822145,0.834572,0.115581,0.0373861,0.855686,0.371058,0.0325885,0.696982,0.735491,0.600539,0.891476,0.821894,0.0463366,0.725632,0.850333,0.615233,0.758383,0.764492,0.688019
6.0,70.0,0.819218,0.0325209,0.727857,0.0536373,0.690308,0.032444,0.577053,0.716906,0.984111,0.0375494,0.78454,0.835244,0.122618,0.0914682,0.784241,0.313368,0.0647979,0.651071,0.715555,0.665939,0.891853,0.702782,0.0435223,0.694187,0.822242,0.559603,0.649449,0.682995,0.625248
6.0,70.0,0.81066,0.0243436,0.751219,0.0557319,0.652706,0.0295687,0.534319,0.778626,0.988494,0.0406753,0.815696,0.86218,0.115755,0.0183133,0.828266,0.264352,0.0194725,0.670315,0.736432,0.699427,0.871172,0.825979,0.0209637,0.605207,0.839925,0.58172,0.807858,0.722547,0.659997
6.0,70.0,0.787365,0.0490238,0.729629,0.0553499,0.674096,0.0198551,0.558768,0.785384,0.986982,0.0561505,0.813933,0.847215,0.102577,0.0266751,0.789924,0.326715,0.0179911,0.668738,0.777851,0.65731,0.893025,0.789903,0.0345326,0.688483,0.874727,0.623881,0.673429,0.751672,0.680272
6.0,70.0,0.82205,0.0285355,0.740754,0.0508666,0.712663,0.026408,0.642037,0.766494,0.984187,0.0444392,0.859979,0.87555,0.0928011,0.040995,0.779209,0.30487,0.0364468,0.707356,0.764857,0.602722,0.896876,0.791511,0.0470442,0.651123,0.8494,0.619601,0.755651,0.758133,0.648736
6.0,70.0,0.808168,0.0518472,0.763266,0.0550037,0.703537,0.0281803,0.545468,0.778068,0.98147,0.060658,0.847754,0.892357,0.0668706,0.0469137,0.775338,0.277583,0.0305321,0.671182,0.739325,0.596664,0.850594,0.793433,0.0494567,0.648091,0.873754,0.585159,0.71502,0.755321,0.606441
6.0,71.0,0.813065,0.0379338,0.745543,0.0532231,0.705545,0.0276602,0.577557,0.765115,0.983898,0.0459759,0.815748,0.877587,0.0949109,0.0403972,0.8378,0.309712,0.0351,0.716302,0.751723,0.634345,0.86425,0.794811,0.0406674,0.692667,0.864275,0.620722,0.694741,0.769649,0.598809
6.0,71.0,0.753416,0.0331301,0.791965,0.0495273,0.717675,0.0369408,0.604794,0.791546,0.977968,0.0342854,0.810807,0.850071,0.108275,0.0407156,0.855959,0.359415,0.0294173,0.681167,0.794836,0.689955,0.88188,0.770622,0.0371022,0.684955,0.873431,0.605444,0.732815,0.774606,0.643888
6.0,71.0,0.796438,0.0326321,0.742777,0.0523094,0.730548,0.0302915,0.592681,0.748154,0.979597,0.043189,0.840834,0.866925,0.130162,0.0146341,0.809784,0.295624,0.0201675,0.657365,0.75861,0.656584,0.861286,0.792881,0.0415721,0.732291,0.86187,0.587751,0.726778,0.76242,0.599413
6.0,71.0,0.813453,0.0404075,0.757186,0.0458979,0.741012,0.0270808,0.568729,0.805881,0.984399,0.0398474,0.805569,0.896162,0.0904889,0.0300845,0.846987,0.291023,0.0303586,0.691237,0.771024,0.679729,0.848459,0.795465,0.0282734,0.700363,0.895086,0.575512,0.689038,0.775605,0.682317
6.0,71.0,0.786315,0.0366033,0.756257,0.0557168,0.754549,0.030886,0.690354,0.765519,0.979888,0.0450692,0.798288,0.891354,0.180397,0.0501492,0.801918,0.290466,0.0647105,0.746844,0.783534,0.620384,0.90106,0.796047,0.04947,0.746516,0.869293,0.627797,0.766517,0.792572,0.665559
6.0,72.0,0.767342,0.0509979,0.769133,0.0622807,0.675553,0.0327045,0.619755,0.734138,0.977619,0.0699072,0.819338,0.846681,0.155438,0.0830026,0.794121,0.271118,0.0342743,0.703436,0.745551,0.641719,0.857765,0.795407,0.0674162,0.656383,0.864426,0.623206,0.725101,0.70819,0.61241
6.0,72.0,0.792735,0.0410925,0.746182,0.0553011,0.712529,0.0308487,0.592764,0.680326,0.984115,0.0511778,0.810443,0.82757,0.0978133,0.0316991,0.788562,0.283543,0.0255264,0.722541,0.750455,0.688334,0.87294,0.747376,0.0434255,0.657695,0.842047,0.59465,0.674448,0.682262,0.571977
6.0,72.0,0.794729,0.0345029,0.769161,0.0454845,0.700502,0.0290653,0.652724,0.786707,0.984979,0.0586126,0.822202,0.881302,0.150554,0.0279524,0.83822,0.326071,0.0557034,0.718639,0.789672,0.621348,0.925714,0.794731,0.0429235,0.779019,0.880854,0.661062,0.768397,0.737937,0.628999
6.0,73.0,0.833292,0.028526,0.729583,0.062639,0.708111,0.031666,0.525829,0.750971,0.980046,0.0350524,0.831463,0.876546,0.0752202,0.0425446,0.829924,0.245705,0.0245188,0.658004,0.723274,0.656602,0.828686,0.765291,0.0425881,0.666049,0.858356,0.54542,0.732357,0.763456,0.551121
6.0,73.0,0.794246,0.0425909,0.715435,0.0523535,0.659282,0.0341181,0.591031,0.739402,0.98229,0.0600633,0.807179,0.84546,0.111723,0.053828,0.80449,0.31779,0.0269915,0.73992,0.734224,0.710286,0.858588,0.790742,0.0618142,0.697317,0.854463,0.614157,0.724621,0.74388,0.625283
6.0,73.0,0.824967,0.0351336,0.724126,0.0545522,0.67537,0.0341849,0.508706,0.733156,0.977362,0.0349259,0.835382,0.872829,0.134772,0.0370324,0.824191,0.268408,0.0274755,0.734101,0.708922,0.636354,0.857123,0.784444,0.0394146,0.605255,0.863872,0.59958,0.665679,0.733497,0.581498
6.0,73.0,0.81054,0.0390037,0.777659,0.0478054,0.688904,0.0303604,0.462918,0.736814,0.980168,0.049374,0.805453,0.816606,0.11174,0.0298658,0.806814,0.25722,0.0253249,0.671583,0.734871,0.650275,0.871848,0.764394,0.0344152,0.65024,0.858814,0.610471,0.687306,0.685492,0.58695
6.0,73.0,0.797618,0.0278723,0.716067,0.0418098,0.698123,0.0226861,0.572242,0.768222,0.985033,0.0453076,0.840012,0.882163,0.0752053,0.0114532,0.806242,0.319044,0.0274269,0.699581,0.777229,0.70853,0.890617,0.808038,0.0372044,0.665793,0.876019,0.638458,0.670559,0.783588,0.677306
6.0,74.0,0.791103,0.0343194,0.735363,0.0489862,0.664389,0.0305867,0.578522,0.666203,0.977485,0.0496905,0.832555,0.824645,0.0744699,0.0560971,0.822109,0.277127,0.0322228,0.638994,0.777358,0.67718,0.910381,0.76701,0.0444495,0.661192,0.853788,0.598574,0.585427,0.658654,0.644112
6.0,75.0,0.7711,0.0501813,0.758202,0.0557494,0.727823,0.0310725,0.639675,0.782813,0.980992,0.058135,0.774463,0.880554,0.111786,0.0537336,0.808378,0.312336,0.0312972,0.719152,0.75301,0.691351,0.903479,0.833114,0.0499272,0.694183,0.876614,0.672069,0.785893,0.749685,0.69974
6.0,75.0,0.819978,0.0323151,0.741968,0.0604054,0.690318,0.0303416,0.487867,0.716293,0.981017,0.0391839,0.82674,0.850295,0.0798503,0.0504104,0.852375,0.241513,0.022859,0.671543,0.729846,0.623313,0.848791,0.735033,0.0340733,0.657707,0.82616,0.615928,0.587212,0.727923,0.602452
6.0,75.0,0.830293,0.0456788,0.776581,0.0400155,0.693285,0.0343278,0.577391,0.768641,0.982727,0.0554179,0.827041,0.861263,0.112356,0.0409077,0.844749,0.337891,0.0189984,0.672854,0.719478,0.634241,0.875478,0.816214,0.0400552,0.654788,0.902334,0.581156,0.785203,0.738993,0.610019
6.0,78.0,0.732495,0.0297274,0.730414,0.0653136,0.710636,0.026685,0.625339,0.771283,0.98462,0.0299808,0.781133,0.855032,0.109193,0.0490285,0.822068,0.28673,0.0386679,0.68861,0.757527,0.636059,0.903346,0.820631,0.0460481,0.601027,0.866002,0.604978,0.773333,0.76004,0.650067
6.0,78.0,0.781844,0.0336868,0.752457,0.101067,0.68855,0.0295031,0.615078,0.790053,0.984102,0.0565112,0.812533,0.844886,0.14718,0.0516797,0.736098,0.463831,0.0357788,0.638983,0.778412,0.69777,0.900852,0.826482,0.0413016,0.68437,0.860295,0.664061,0.695019,0.762339,0.710652
6.0,78.0,0.77995,0.0300586,0.722365,0.0429932,0.670046,0.0303476,0.524029,0.728611,0.977131,0.0356291,0.786205,0.839321,0.117732,0.0492215,0.753285,0.312928,0.0364951,0.652658,0.744552,0.706435,0.879438,0.736271,0.0540327,0.628428,0.827516,0.590945,0.650186,0.746256,0.616522
6.0,79.0,0.759869,0.0451635,0.734271,0.0631883,0.688805,0.0237558,0.586497,0.713897,0.983152,0.0349222,0.789771,0.801333,0.119858,0.0395711,0.785283,0.225781,0.0392349,0.673869,0.704682,0.548667,0.916433,0.761461,0.0445461,0.573392,0.865191,0.594895,0.747243,0.745693,0.614524
6.0,81.0,0.77678,0.0285187,0.741571,0.0580039,0.716343,0.0300282,0.601728,0.729468,0.982638,0.0419529,0.805132,0.851265,0.0873884,0.0491349,0.792435,0.226231,0.0301778,0.717413,0.715763,0.622817,0.843192,0.768583,0.0445415,0.637012,0.880443,0.603809,0.770064,0.788961,0.648226
6.0,81.0,0.770054,0.0349639,0.74532,0.0527653,0.716634,0.0247481,0.583858,0.752393,0.985978,0.0546507,0.823427,0.870134,0.102733,0.0372165,0.830771,0.255083,0.0204367,0.674762,0.720124,0.617747,0.884664,0.762178,0.0352679,0.699023,0.868132,0.626155,0.699779,0.75157,0.533214
6.0,83.0,0.779494,0.0448111,0.740199,0.0508559,0.755019,0.0276566,0.631349,0.754603,0.981961,0.0524134,0.854058,0.892755,0.136523,0.0366189,0.776783,0.305777,0.0487358,0.656518,0.736518,0.570695,0.887339,0.808572,0.042699,0.700247,0.888644,0.578596,0.79935,0.725245,0.669338
6.0,84.0,0.808398,0.0359917,0.765057,0.0533484,0.699472,0.035156,0.602103,0.669973,0.979474,0.0325863,0.825591,0.850057,0.160092,0.0554607,0.821034,0.26626,0.0277088,0.68603,0.749801,0.59992,0.885373,0.744309,0.0402468,0.652836,0.870635,0.598189,0.711912,0.677852,0.567005
6.0,84.0,0.832963,0.0399619,0.729311,0.0454802,0.657524,0.0248169,0.5095,0.707711,0.985372,0.0607851,0.817457,0.891318,0.0834285,0.03098,0.803345,0.25946,0.0182724,0.636999,0.747024,0.625451,0.80411,0.75455,0.0371265,0.617577,0.883231,0.543722,0.52293,0.741078,0.537871
6.0,85.0,0.804707,0.0325074,0.76966,0.0601903,0.644159,0.0331044,0.549795,0.635811,0.978493,0.0284412,0.819149,0.86398,0.114681,0.0467188,0.788587,0.226376,0.0506903,0.673212,0.704066,0.578817,0.898714,0.751552,0.0622903,0.598946,0.859194,0.524747,0.777088,0.76379,0.564394
