class,cg03068376,cg06385324,cg26864230,cg27413732,cg19212550,cg09545123,cg20122548,cg14913676,cg17492891,cg16082606,cg09029902,cg24343720,cg25742745,cg02379079,cg14210817,cg06128509,cg17183362,cg07195224,cg13272159,cg08957018,cg09551996,cg01588475,cg00656478,cg05241830,cg16000683,cg00589181,cg09007236,cg06024135,cg06881421,cg20446404
1.0,0.051987,0.0703758,0.0770173,0.0927862,0.717041,0.0900961,0.0369549,0.0420511,0.041123,0.060778,0.409438,0.71029,0.0987646,0.642362,0.597765,0.0546479,0.0758993,0.653676,0.0633379,0.037321,0.0641064,0.652796,0.888556,0.865486,0.689524,0.883216,0.111234,0.0502134,0.73692,0.394018
1.0,0.044816,0.0278038,0.0501436,0.0550817,0.753448,0.0337926,0.0197422,0.0413486,0.0199349,0.0526818,0.349681,0.671612,0.0839074,0.571053,0.519285,0.0290619,0.0809143,0.533285,0.0399535,0.0196944,0.0688847,0.534297,0.882644,0.867671,0.632692,0.825084,0.0549313,0.0305925,0.689574,0.360579
1.0,0.117184,0.134819,0.0735939,0.070217,0.661163,0.0996331,0.0400598,0.043017,0.0372441,0.052072,0.525073,0.761948,0.121149,0.672995,0.733182,0.0615683,0.102426,0.70469,0.0834644,0.033072,0.0859379,0.658689,0.916032,0.895217,0.795343,0.911482,0.161387,0.0388711,0.768167,0.408916
1.0,0.0499083,0.0834665,0.0742331,0.0754961,0.76746,0.0743618,0.0263766,0.033905,0.0322306,0.0555337,0.341181,0.734026,0.117031,0.632724,0.587514,0.0551531,0.0933091,0.549574,0.0645761,0.0384612,0.0765745,0.580523,0.891237,0.836774,0.645489,0.863751,0.0865791,0.0333845,0.698992,0.38707
1.0,0.0503866,0.0391682,0.0507138,0.0580876,0.677401,0.0499133,0.0277189,0.0429169,0.0301146,0.0413701,0.39829,0.69322,0.139139,0.642055,0.606473,0.0452253,0.0927473,0.481819,0.036542,0.0251047,0.0663215,0.605578,0.852728,0.82808,0.607047,0.862996,0.0393967,0.0340614,0.6565,0.394657
1.0,0.0266565,0.0437853,0.0685659,0.0752194,0.765795,0.0681827,0.0282308,0.0691371,0.0279163,0.0601317,0.31926,0.672179,0.117192,0.560773,0.517676,0.0297889,0.0725627,0.487243,0.0616993,0.0313567,0.0435711,0.603047,0.854264,0.841877,0.630993,0.830295,0.0488934,0.0324797,0.677624,0.233694
1.0,0.0488148,0.0715195,0.0593641,0.063761,0.775707,0.0752507,0.0371498,0.0350236,0.0397272,0.0437624,0.407584,0.691004,0.102236,0.630694,0.530239,0.0554914,0.0917555,0.488864,0.0493819,0.0437996,0.0756039,0.632466,0.886953,0.861732,0.658172,0.873077,0.0721466,0.0298918,0.706293,0.376226
1.0,0.0452625,0.0624759,0.0546261,0.096428,0.710894,0.0841831,0.0326614,0.0498362,0.033232,0.0595963,0.412371,0.729904,0.102184,0.627534,0.624567,0.0539599,0.104677,0.611778,0.0622627,0.0283623,0.0829838,0.625609,0.893458,0.890639,0.731729,0.913667,0.117071,0.0439156,0.734786,0.379752
1.0,0.0374269,0.0489482,0.0404769,0.0681905,0.752186,0.105499,0.0337162,0.0623514,0.0445659,0.0632779,0.311146,0.654271,0.068294,0.581538,0.528178,0.0614392,0.0766549,0.381136,0.044397,0.0337411,0.0740658,0.594927,0.85461,0.822318,0.602023,0.913251,0.0564986,0.0253124,0.722836,0.312737
1.0,0.0352253,0.0420876,0.0366508,0.0733045,0.847795,0.0562809,0.01962,0.043893,0.0150213,0.03768,0.254661,0.636203,0.0733581,0.527556,0.409718,0.0373495,0.064009,0.516524,0.0380658,0.013241,0.0563285,0.525214,0.890301,0.858868,0.613266,0.84017,0.0565087,0.028451,0.639462,0.364188
1.0,0.0424871,0.06936,0.0757337,0.107161,0.80345,0.0784259,0.0366033,0.040014,0.038557,0.0455149,0.303546,0.628872,0.0784644,0.551411,0.399242,0.0645521,0.0815897,0.548955,0.0412774,0.0382472,0.0730054,0.561182,0.85785,0.835443,0.603572,0.845789,0.10304,0.040131,0.61351,0.336865
1.0,0.0792511,0.0994777,0.0584382,0.107307,0.689865,0.0967767,0.030681,0.0475793,0.0263619,0.0511543,0.387218,0.761615,0.122204,0.599634,0.515119,0.0650641,0.126838,0.578904,0.0618667,0.0340509,0.0891332,0.723681,0.897154,0.906039,0.812741,0.900352,0.204492,0.0370624,0.789429,0.478716
1.0,0.0449356,0.058558,0.0559444,0.0724561,0.781121,0.0984173,0.0355617,0.0572044,0.0322132,0.0659823,0.387378,0.684093,0.0986256,0.563647,0.480901,0.052901,0.0620556,0.426429,0.0420854,0.0311229,0.080388,0.560798,0.842658,0.844054,0.641815,0.905443,0.0442855,0.0593094,0.649889,0.356906
1.0,0.0333298,0.035396,0.0428858,0.0565852,0.717989,0.0577184,0.0306579,0.0470736,0.0311982,0.0447011,0.283168,0.641212,0.0824934,0.553923,0.485456,0.0383182,0.0594139,0.404185,0.0391529,0.0379263,0.0533062,0.544432,0.812713,0.826147,0.626773,0.853661,0.045545,0.0363293,0.654805,0.328293
1.0,0.0508805,0.0740205,0.060293,0.0899087,0.56906,0.0679468,0.0276249,0.0472274,0.0222186,0.0542567,0.351436,0.681351,0.106729,0.577153,0.532084,0.0446605,0.10243,0.459636,0.0894673,0.0259627,0.0831293,0.599281,0.895019,0.873743,0.68695,0.877515,0.0891673,0.0365112,0.670788,0.362998
1.0,0.0414013,0.0424296,0.0462729,0.0573633,0.844291,0.0530871,0.0184429,0.0464609,0.0143979,0.0483087,0.326848,0.696271,0.156285,0.614864,0.633058,0.0457492,0.0661783,0.616308,0.0689415,0.0166406,0.0670454,0.630575,0.869536,0.854746,0.63422,0.862408,0.078444,0.0298887,0.691565,0.392906
1.0,0.0678048,0.0224169,0.285409,0.0537969,0.781245,0.021512,0.0191088,0.0412207,0.0217867,0.0387463,0.127956,0.595188,0.0562512,0.655497,0.589919,0.0279673,0.0497728,0.279694,0.0403585,0.0155929,0.0490093,0.298576,0.706635,0.796854,0.655862,0.880955,0.032229,0.0334392,0.466545,0.33215
1.0,0.138025,0.149951,0.173505,0.131059,0.582388,0.087271,0.0265362,0.037701,0.0292015,0.0430484,0.557738,0.783026,0.128492,0.710869,0.762578,0.0546993,0.109857,0.795099,0.0601436,0.0316583,0.082977,0.730094,0.906023,0.868252,0.824916,0.908851,0.210073,0.0294104,0.826385,0.372028
1.0,0.0383398,0.0403866,0.0235096,0.0611947,0.789076,0.0668769,0.0395013,0.0295805,0.0378497,0.0303431,0.308931,0.719382,0.0503277,0.634153,0.54488,0.051983,0.068314,0.552159,0.0294958,0.0473338,0.0457409,0.67414,0.909064,0.895303,0.723404,0.89612,0.0276696,0.02903,0.74342,0.401403
1.0,0.0360588,0.110554,0.0350269,0.0653451,0.76556,0.0719161,0.0358496,0.0616903,0.0420409,0.048104,0.345011,0.642715,0.0780027,0.583742,0.542035,0.044764,0.102645,0.462686,0.0414771,0.0359479,0.0692602,0.596899,0.878616,0.874352,0.626728,0.887862,0.0494548,0.0372034,0.660849,0.381379
1.0,0.0532195,0.0524189,0.0554063,0.0614784,0.744624,0.0644451,0.0489864,0.0604685,0.0394144,0.0582594,0.141936,0.577396,0.135419,0.494601,0.540237,0.0599621,0.0928163,0.393459,0.0504039,0.0337471,0.0936013,0.511976,0.854038,0.77832,0.547434,0.875754,0.0432329,0.0514242,0.652251,0.399496
1.0,0.0488242,0.0567449,0.0437537,0.0645792,0.802147,0.0200913,0.0189807,0.0426868,0.0144935,0.0422005,0.405011,0.665062,0.084255,0.634613,0.609523,0.0387892,0.0762535,0.543421,0.0516472,0.0165342,0.0592172,0.591404,0.873168,0.869398,0.650024,0.880491,0.0759598,0.0216946,0.699832,0.356569
1.0,0.0409276,0.0820765,0.0512476,0.0909156,0.678759,0.0654541,0.031432,0.0584227,0.0443789,0.0510056,0.31867,0.693574,0.113126,0.565536,0.527379,0.0554436,0.0885764,0.510977,0.0574027,0.041355,0.0889704,0.616961,0.872263,0.834313,0.693703,0.873793,0.0750892,0.0484217,0.646164,0.353287
1.0,0.0707061,0.0822325,0.0545458,0.0887101,0.769183,0.0803032,0.0422528,0.0561568,0.0384504,0.069253,0.406251,0.643958,0.136758,0.573712,0.652647,0.0849553,0.102005,0.530596,0.0596905,0.0391517,0.103424,0.617133,0.870968,0.807804,0.615305,0.837128,0.067152,0.0560953,0.665027,0.38196
1.0,0.0706233,0.0547683,0.0921642,0.0677139,0.663997,0.0664971,0.0305197,0.0437637,0.0258355,0.0509569,0.335109,0.677376,0.151412,0.617086,0.519594,0.0597946,0.0983202,0.489274,0.0550056,0.0365704,0.0995729,0.630901,0.898643,0.866981,0.637097,0.875755,0.0520633,0.0428032,0.698014,0.408137
1.0,0.0495522,0.0898541,0.0602382,0.0721211,0.770501,0.069682,0.0343108,0.0412695,0.0407502,0.0442593,0.384547,0.69841,0.110819,0.545829,0.599301,0.0673224,0.0901011,0.515686,0.0444633,0.0444614,0.0818217,0.566202,0.857038,0.817765,0.632494,0.853952,0.0779037,0.0425545,0.619225,0.324904
1.0,0.0323497,0.0511999,0.0305635,0.05612,0.805628,0.0536422,0.0233547,0.0387999,0.0247441,0.048197,0.298255,0.582563,0.070889,0.516414,0.533475,0.0375125,0.0597767,0.398086,0.0433663,0.0240513,0.0505789,0.558347,0.806085,0.848415,0.63166,0.79323,0.0352321,0.0267031,0.638583,0.266879
1.0,0.0632604,0.12186,0.0894409,0.0939233,0.737125,0.0823224,0.0410645,0.0387912,0.0250677,0.0497852,0.451814,0.729437,0.10095,0.700498,0.702514,0.0617414,0.134029,0.601352,0.0741002,0.0355791,0.0793203,0.634369,0.88614,0.855401,0.767498,0.881452,0.100269,0.0374372,0.739817,0.408753
1.0,0.0528242,0.0857358,0.053327,0.0983637,0.783221,0.0819758,0.0267214,0.0416545,0.0329998,0.0529152,0.390591,0.738336,0.0775885,0.633864,0.635741,0.0549788,0.0919283,0.62644,0.0489049,0.0325808,0.0759074,0.630378,0.86786,0.849411,0.733374,0.864456,0.0916103,0.0328177,0.69005,0.386521
1.0,0.111245,0.149669,0.102959,0.0988901,0.607412,0.114928,0.0339138,0.0426927,0.0340571,0.0410898,0.579554,0.73475,0.114784,0.63903,0.858712,0.0574584,0.11222,0.687186,0.0731304,0.0372878,0.0814693,0.680267,0.871464,0.865049,0.847579,0.937566,0.143334,0.0319021,0.801389,0.393693
1.0,0.0319049,0.0689446,0.0223366,0.0654498,0.763157,0.0440809,0.0300662,0.035521,0.0282339,0.0469271,0.433687,0.69711,0.0890031,0.564891,0.6504,0.0453239,0.0862811,0.44628,0.0469882,0.0255544,0.0618053,0.59788,0.870418,0.836153,0.677594,0.857343,0.0519473,0.0256355,0.69354,0.319295
1.0,0.100603,0.0982079,0.0727805,0.0682378,0.669234,0.0750349,0.0471708,0.0605238,0.0349318,0.0710271,0.45873,0.76406,0.146051,0.653664,0.630445,0.0577634,0.100887,0.593439,0.0582943,0.0244374,0.0954074,0.66567,0.898587,0.869486,0.706269,0.89944,0.0628628,0.0429263,0.73694,0.395988
1.0,0.0488732,0.0460984,0.0337119,0.0698278,0.631711,0.0611165,0.0324958,0.0637671,0.0382602,0.0540378,0.137191,0.58977,0.0890851,0.506335,0.439165,0.0601895,0.082807,0.443393,0.0490835,0.0267545,0.0618654,0.507138,0.862409,0.851939,0.552969,0.866048,0.0347307,0.0496087,0.617937,0.310083
1.0,0.0349812,0.029405,0.0301045,0.0636615,0.798244,0.0361704,0.0271816,0.0376286,0.0170909,0.0388207,0.240996,0.642762,0.0652566,0.571321,0.479064,0.0482934,0.0647895,0.459106,0.0415387,0.0178068,0.0637452,0.606938,0.865331,0.84945,0.603685,0.867339,0.0395517,0.029201,0.657322,0.377531
1.0,0.0349375,0.0345192,0.0194686,0.0566629,0.722043,0.0437125,0.0220567,0.0623272,0.0135526,0.0452498,0.34048,0.615578,0.0903068,0.496128,0.506265,0.0281335,0.0548164,0.378213,0.0369613,0.020232,0.0535794,0.532348,0.790961,0.857414,0.620079,0.826178,0.0475293,0.0385099,0.645653,0.274006
1.0,0.0717562,0.132208,0.117428,0.0466081,0.708661,0.0933271,0.0489325,0.0440292,0.0334611,0.0494216,0.45898,0.666156,0.0788767,0.4253,0.490635,0.0701426,0.0889379,0.414903,0.0466703,0.0314145,0.0478768,0.720305,0.848564,0.878187,0.779024,0.910939,0.0727907,0.034186,0.705076,0.392847
1.0,0.0603399,0.0800679,0.045067,0.0810702,0.740117,0.0513006,0.0310391,0.0436076,0.0333003,0.0450894,0.383042,0.699063,0.0859891,0.645722,0.545257,0.0425333,0.059716,0.566358,0.0645454,0.02822,0.0854582,0.646789,0.873724,0.868958,0.667947,0.898685,0.118899,0.0320075,0.686249,0.320795
1.0,0.111027,0.124446,0.0682926,0.07779,0.678651,0.0778736,0.015327,0.0422122,0.0138301,0.0488126,0.546168,0.72955,0.0920261,0.658742,0.744923,0.0455249,0.109608,0.708438,0.0735815,0.0123653,0.0652342,0.676189,0.879815,0.876551,0.801934,0.924837,0.158904,0.026675,0.789503,0.370337
1.0,0.0663752,0.106449,0.0942517,0.0967586,0.73492,0.0846457,0.0510223,0.0717074,0.044847,0.0594743,0.389976,0.714877,0.139408,0.559107,0.450689,0.0703768,0.11562,0.49334,0.0649075,0.0474915,0.108598,0.602035,0.817994,0.83628,0.597264,0.858644,0.0856784,0.0574553,0.701531,0.429016
1.0,0.0637101,0.141174,0.0511273,0.060928,0.660153,0.0843596,0.0279013,0.0417783,0.0201947,0.0500562,0.458158,0.792852,0.108053,0.703303,0.724592,0.0531982,0.115974,0.620588,0.0837477,0.0340864,0.0793637,0.661207,0.950999,0.879948,0.835374,0.928212,0.168976,0.0316598,0.77952,0.426014
1.0,0.0396584,0.0542241,0.0463439,0.0801422,0.756595,0.0397505,0.0203543,0.0392784,0.0123141,0.0447347,0.247689,0.653871,0.0704452,0.546677,0.49461,0.0398283,0.0740795,0.409611,0.0440509,0.0168268,0.0552874,0.546186,0.823433,0.834327,0.60983,0.853166,0.0480624,0.0283905,0.660767,0.308222
1.0,0.0342538,0.0454964,0.0205084,0.0575276,0.868997,0.0548587,0.0434613,0.0264979,0.0294673,0.0266475,0.299627,0.519275,0.0815248,0.68719,0.44808,0.0550264,0.0690292,0.558616,0.0253404,0.0450274,0.034762,0.583094,0.865875,0.89422,0.649603,0.910497,0.0310494,0.0323511,0.658536,0.345626
1.0,0.0491427,0.0490554,0.0321906,0.0696391,0.778419,0.0801231,0.0416917,0.0501063,0.0362986,0.0486117,0.3258,0.555281,0.0899933,0.607686,0.420468,0.0373787,0.0803367,0.407757,0.0392408,0.0373741,0.047311,0.572915,0.862125,0.873494,0.622979,0.88473,0.0337576,0.041782,0.611309,0.339197
1.0,0.0455617,0.0222109,0.0401533,0.064559,0.767494,0.0513154,0.0243627,0.0443779,0.0197319,0.0425333,0.192084,0.604636,0.047892,0.524478,0.389079,0.0398802,0.0668877,0.397802,0.032189,0.0212988,0.066468,0.514325,0.865312,0.846391,0.584148,0.837722,0.0422852,0.0299441,0.342768,0.361996
1.0,0.286027,0.240404,0.149176,0.0925885,0.864337,0.266457,0.0226814,0.0390337,0.0165831,0.141964,0.293098,0.421431,0.140484,0.276888,0.189266,0.0496496,0.358261,0.632312,0.0317979,0.0128788,0.0524289,0.356056,0.881253,0.780421,0.768288,0.894151,0.399755,0.0261517,0.680301,0.385063
1.0,0.0379753,0.0482385,0.0410753,0.0520388,0.827171,0.0937861,0.0278114,0.0377684,0.0243208,0.0501014,0.344671,0.607762,0.0601801,0.556077,0.534505,0.0372315,0.0648645,0.444641,0.0495481,0.0272349,0.0472076,0.544936,0.861342,0.852346,0.633572,0.854944,0.0350795,0.0284674,0.641393,0.374792
1.0,0.0410646,0.082701,0.0559021,0.0718675,0.797155,0.142643,0.0333406,0.0442145,0.0268917,0.0528256,0.455547,0.671121,0.094565,0.640141,0.54026,0.0464962,0.0903947,0.516388,0.0417723,0.0359982,0.0608134,0.615708,0.882802,0.84759,0.651104,0.860998,0.0428,0.0374362,0.686991,0.437532
1.0,0.0440227,0.0619597,0.0645085,0.0544181,0.804315,0.155984,0.0363201,0.0502015,0.0434272,0.0470478,0.415282,0.698321,0.0972332,0.600833,0.515879,0.0468986,0.0816746,0.515615,0.0377887,0.0270035,0.0593807,0.61863,0.89646,0.857348,0.673553,0.848028,0.0590567,0.0297166,0.680308,0.38312
1.0,0.0597819,0.073446,0.0851934,0.136524,0.7005,0.0826104,0.0539637,0.0815789,0.034623,0.0721348,0.33985,0.746434,0.118499,0.586889,0.530977,0.0876089,0.120972,0.557974,0.0682706,0.0441166,0.0823718,0.620879,0.835723,0.839128,0.651568,0.87564,0.106667,0.0476663,0.687272,0.400189
1.0,0.0316482,0.0468369,0.0195714,0.0626478,0.809978,0.0720936,0.0395374,0.0405243,0.0405129,0.0452404,0.507295,0.691775,0.116397,0.609843,0.667117,0.0381992,0.103845,0.518028,0.0788184,0.0380868,0.0620071,0.645805,0.862606,0.852476,0.668479,0.864682,0.0304327,0.0373602,0.684666,0.302301
1.0,0.0429864,0.0387585,0.0358885,0.0752603,0.752161,0.0592112,0.0372936,0.0561314,0.0329873,0.0635953,0.306523,0.553116,0.0827772,0.512802,0.477101,0.0556503,0.0714767,0.37051,0.0423648,0.0468634,0.0841456,0.489876,0.877049,0.867323,0.557745,0.861097,0.0360572,0.0417537,0.58594,0.355971
1.0,0.0896492,0.0627136,0.0527624,0.0758261,0.713428,0.0474904,0.025504,0.0531713,0.0318068,0.0672289,0.370005,0.651437,0.107561,0.534735,0.606353,0.0427599,0.0677587,0.533932,0.0729983,0.0302645,0.0750374,0.615396,0.910369,0.869177,0.584033,0.857787,0.0501238,0.0394193,0.633893,0.325466
1.0,0.0492159,0.0615943,0.0444486,0.0903407,0.811219,0.0665747,0.0349658,0.0491573,0.0323304,0.0578167,0.305911,0.622261,0.0957236,0.504766,0.526641,0.0586261,0.100947,0.42644,0.0560113,0.0319964,0.0814611,0.525255,0.850199,0.830267,0.567717,0.857734,0.0498969,0.0396399,0.52912,0.382172
1.0,0.0673385,0.0821588,0.0273536,0.0706115,0.738128,0.0953082,0.0467652,0.0425882,0.0441751,0.0369243,0.301831,0.680476,0.0496756,0.595217,0.568989,0.0486573,0.0543735,0.424822,0.0357783,0.0417378,0.0813033,0.589081,0.886743,0.869491,0.661019,0.911844,0.0370184,0.04198,0.69419,0.363358
1.0,0.0565265,0.053421,0.0438303,0.0479069,0.611568,0.0577624,0.0321538,0.0520741,0.0231014,0.053423,0.297133,0.664305,0.132409,0.542528,0.490826,0.0501393,0.0740189,0.462102,0.0408085,0.0230437,0.0800849,0.500193,0.868741,0.840202,0.544945,0.84831,0.047469,0.0476459,0.617135,0.357531
1.0,0.0415588,0.0618322,0.0323024,0.0644198,0.824788,0.061643,0.0385254,0.0387578,0.0389112,0.0512204,0.354887,0.670212,0.0931912,0.616351,0.489382,0.0563003,0.0651367,0.550615,0.0532747,0.0298024,0.0626401,0.616265,0.893929,0.857228,0.630696,0.888015,0.0490315,0.0311114,0.662751,0.378409
1.0,0.0995164,0.184696,0.0580942,0.0740336,0.604404,0.107872,0.0531777,0.0474938,0.0356147,0.0665192,0.422847,0.678185,0.0981322,0.70668,0.817571,0.0656023,0.104951,0.722478,0.0654653,0.0353971,0.0713372,0.666983,0.921245,0.896672,0.80862,0.90217,0.107283,0.0354309,0.738495,0.357582
1.0,0.064772,0.100883,0.0421004,0.0631604,0.762856,0.0822879,0.0428395,0.0468386,0.0413061,0.0469381,0.393158,0.666224,0.0776492,0.619977,0.508497,0.0615378,0.086634,0.543348,0.0674326,0.0363655,0.0703469,0.653806,0.891788,0.856453,0.649512,0.876139,0.113915,0.0397934,0.656099,0.396904
1.0,0.0509114,0.0711773,0.0537191,0.0820885,0.781002,0.0708116,0.031765,0.0523145,0.0258402,0.0487565,0.332694,0.654866,0.116728,0.628649,0.561517,0.0572429,0.0910785,0.557208,0.0686401,0.0252169,0.0705826,0.63441,0.941383,0.906518,0.615051,0.870523,0.0676319,0.0361936,0.616463,0.395563
1.0,0.0392653,0.050389,0.0529135,0.0695387,0.783649,0.0373075,0.0255692,0.0473505,0.0215499,0.0527977,0.273929,0.652856,0.0591748,0.556553,0.420194,0.0339579,0.0606557,0.450589,0.0520446,0.0196931,0.0601445,0.591699,0.878431,0.851896,0.649815,0.820067,0.0411214,0.0339505,0.664677,0.319469
1.0,0.0267058,0.0210899,0.0270903,0.0415047,0.813727,0.041554,0.0181646,0.0402859,0.0170165,0.0384576,0.17873,0.583205,0.0558525,0.530803,0.390409,0.0283496,0.0653422,0.387225,0.031925,0.0173635,0.0469888,0.521576,0.857332,0.821353,0.579272,0.80802,0.0342225,0.0304854,0.620973,0.246001
1.0,0.0654336,0.0993327,0.0567401,0.092491,0.73651,0.0699391,0.0364648,0.0534999,0.0355384,0.0673875,0.44031,0.779202,0.123246,0.63498,0.716596,0.0692022,0.0803137,0.602751,0.0563945,0.0298336,0.0995334,0.650575,0.918727,0.863738,0.729707,0.894775,0.117089,0.0432318,0.709224,0.425011
1.0,0.0781444,0.133736,0.0415181,0.073056,0.60014,0.0925187,0.0494527,0.0318563,0.0363432,0.0315458,0.524871,0.752661,0.0772386,0.653435,0.639653,0.0801267,0.132771,0.629219,0.0890075,0.0493814,0.0590871,0.657492,0.888817,0.886623,0.789925,0.924054,0.124968,0.0439414,0.749779,0.362653
1.0,0.0541564,0.0806103,0.121337,0.0928917,0.750696,0.0632833,0.0377488,0.0474382,0.032553,0.0550776,0.443246,0.702552,0.172388,0.686691,0.664773,0.0722605,0.103239,0.519195,0.0587559,0.033516,0.10334,0.6386,0.907908,0.84113,0.683583,0.883212,0.11205,0.0466273,0.68995,0.432422
1.0,0.0389455,0.055871,0.0342907,0.0597826,0.704397,0.0799242,0.0388505,0.059532,0.0309545,0.0509841,0.359622,0.701829,0.103749,0.642926,0.475256,0.0495671,0.0742194,0.518241,0.0444604,0.0326694,0.0497745,0.608346,0.878931,0.856637,0.614473,0.907043,0.0718155,0.0453968,0.70106,0.381958
1.0,0.0289835,0.0503672,0.0765108,0.0696828,0.82678,0.0520846,0.0248753,0.0383733,0.0156805,0.043413,0.294891,0.716647,0.100914,0.557347,0.487231,0.0404009,0.0726021,0.482848,0.0375947,0.0176576,0.0526655,0.613039,0.85854,0.878519,0.595597,0.834505,0.0691394,0.024449,0.673287,0.347155
1.0,0.0519081,0.0650044,0.0496806,0.0679699,0.735509,0.0629899,0.029137,0.0586903,0.0281907,0.0751803,0.420837,0.731824,0.128584,0.541931,0.689373,0.0469512,0.0888506,0.533463,0.0668733,0.0240867,0.0746662,0.636191,0.907217,0.869872,0.648388,0.861725,0.0541616,0.0387064,0.666165,0.439976
1.0,0.0669191,0.0558149,0.0427845,0.0729752,0.664654,0.0686986,0.0310312,0.0467722,0.0266053,0.0656238,0.311964,0.675446,0.110911,0.487872,0.535953,0.0465082,0.0924794,0.437682,0.0638069,0.0255214,0.0742525,0.547041,0.878148,0.826336,0.63472,0.833376,0.057548,0.0460345,0.65755,0.394559
1.0,0.0353241,0.0689298,0.0389878,0.0642219,0.785607,0.0664373,0.0406319,0.0403326,0.0369383,0.0419286,0.331711,0.702992,0.114526,0.585012,0.603013,0.0677619,0.067118,0.520939,0.0481972,0.0468298,0.0648197,0.639091,0.874507,0.814662,0.647375,0.802141,0.0293385,0.03647,0.663304,0.350441
1.0,0.0452782,0.0462079,0.0407908,0.0613984,0.763374,0.0698848,0.0332079,0.0427466,0.0286579,0.0413079,0.376802,0.685732,0.0908845,0.588189,0.572568,0.0405943,0.041702,0.471852,0.038336,0.0381821,0.062154,0.578861,0.859609,0.846964,0.635631,0.859062,0.0246378,0.0449152,0.679899,0.381599
1.0,0.0512939,0.0432652,0.0391193,0.0675837,0.763938,0.0911352,0.0232323,0.0479639,0.0149536,0.0501172,0.379995,0.683689,0.0499501,0.585691,0.512387,0.0466289,0.0731759,0.519108,0.0389545,0.0122362,0.0511175,0.593589,0.861407,0.841452,0.656512,0.860698,0.078845,0.0174456,0.695422,0.364436
1.0,0.173085,0.199076,0.100315,0.0842904,0.650313,0.056509,0.0138982,0.041248,0.0169222,0.0418259,0.549164,0.746494,0.110425,0.730013,0.805184,0.0479369,0.355703,0.724312,0.0516973,0.0169612,0.0756644,0.686018,0.89975,0.88011,0.828464,0.935022,0.159521,0.0283292,0.797794,0.379568
1.0,0.0500251,0.0686462,0.0375734,0.0882656,0.733113,0.0565574,0.0323104,0.0441026,0.0207754,0.0492522,0.292418,0.50685,0.0913763,0.582343,0.433122,0.0579634,0.0818185,0.480287,0.0805375,0.028163,0.0870013,0.564614,0.857996,0.857517,0.589306,0.872626,0.0719258,0.0345331,0.606826,0.380046
1.0,0.0294177,0.084417,0.0509799,0.0651061,0.77531,0.0589331,0.0184518,0.0445662,0.0214078,0.0621135,0.333854,0.630531,0.0979475,0.5632,0.482126,0.0310485,0.080186,0.504358,0.0580191,0.0188994,0.0528524,0.55553,0.863485,0.816111,0.58982,0.814,0.0478865,0.039351,0.64518,0.365126
1.0,0.0844116,0.0269095,0.0884595,0.0538861,0.764923,0.0461519,0.0207959,0.0399083,0.0146863,0.0505122,0.299577,0.633715,0.0822942,0.44155,0.605036,0.0380877,0.0789554,0.331059,0.0356108,0.0142763,0.0430015,0.506264,0.848146,0.77681,0.565646,0.805934,0.031769,0.0296069,0.631134,0.244292
1.0,0.0947211,0.130231,0.0836437,0.115125,0.703713,0.0975003,0.0418583,0.0434291,0.0355479,0.044419,0.50439,0.737334,0.123837,0.629582,0.573121,0.0580474,0.111965,0.618138,0.058511,0.0329078,0.0733466,0.656296,0.881328,0.828367,0.725618,0.903461,0.135319,0.0386165,0.74687,0.377018
1.0,0.031746,0.0849676,0.0394686,0.062946,0.678225,0.083739,0.0682314,0.0598252,0.0389078,0.0486544,0.462799,0.718742,0.117362,0.610679,0.602529,0.0486533,0.108108,0.505979,0.0442044,0.0347054,0.0551497,0.639466,0.891473,0.862757,0.694313,0.891735,0.0334125,0.0445143,0.694373,0.380175
1.0,0.0738816,0.060951,0.0426555,0.065029,0.698453,0.0613586,0.031957,0.0603795,0.0276757,0.0666411,0.366187,0.727713,0.108899,0.554281,0.573453,0.0506745,0.0722822,0.470247,0.0555527,0.0206695,0.0810645,0.585818,0.881908,0.839137,0.621066,0.870616,0.0535729,0.0408538,0.665165,0.38316
1.0,0.0560483,0.0474021,0.0354693,0.0550174,0.645764,0.0606551,0.0319204,0.0533048,0.0266222,0.053743,0.284792,0.517882,0.119626,0.574574,0.526958,0.0462037,0.0912616,0.507201,0.0535147,0.0304508,0.0727218,0.56414,0.878668,0.885242,0.568162,0.877616,0.0330783,0.0488415,0.582219,0.355532
1.0,0.0548891,0.10281,0.0515094,0.0948807,0.723942,0.0558588,0.0282944,0.0543957,0.0248266,0.0606861,0.363003,0.701191,0.118613,0.531516,0.585209,0.0473552,0.0800019,0.452346,0.0648723,0.0373082,0.0882706,0.571822,0.851428,0.810183,0.609843,0.855188,0.0561271,0.0401021,0.642151,0.332607
-1.0,0.0223981,0.0379996,0.026048,0.0718262,0.805943,0.0410784,0.0195189,0.0318864,0.0152079,0.0303606,0.249752,0.512834,0.0511466,0.491585,0.358452,0.0295568,0.0490762,0.414446,0.0246524,0.0147009,0.0396563,0.496935,0.777567,0.810079,0.577613,0.8203,0.0507858,0.0230949,0.615883,0.307164
-1.0,0.0296235,0.0274191,0.0250296,0.0459186,0.793421,0.0397966,0.0149708,0.0345588,0.0184955,0.03555,0.240643,0.550428,0.0630298,0.46168,0.411561,0.0282051,0.0580303,0.306351,0.0329099,0.0177934,0.046282,0.504084,0.849248,0.835074,0.541292,0.81157,0.0307323,0.0247172,0.594607,0.295508
-1.0,0.0539205,0.0490594,0.029893,0.066004,0.825909,0.0783224,0.0418998,0.0412371,0.0381579,0.0429975,0.189281,0.560834,0.0380176,0.51651,0.432835,0.0337764,0.059988,0.401193,0.04031,0.0315865,0.0529052,0.524658,0.803725,0.804589,0.524705,0.814899,0.0245531,0.0264946,0.619074,0.293613
-1.0,0.0370456,0.0318487,0.0248782,0.0594418,0.781094,0.0859093,0.0337207,0.0400362,0.0365909,0.0507484,0.124533,0.521964,0.0475186,0.470328,0.355148,0.058899,0.0521833,0.304125,0.0422679,0.0511277,0.0465155,0.468018,0.779132,0.790958,0.497099,0.801126,0.0419667,0.0402388,0.606734,0.282382
-1.0,0.0309721,0.0467429,0.0292423,0.0623321,0.782186,0.034194,0.0147124,0.0391606,0.0190223,0.0411477,0.262734,0.661735,0.0892081,0.5785,0.489634,0.0351865,0.0726755,0.484836,0.0406882,0.0164197,0.0404998,0.610885,0.890359,0.830094,0.603671,0.855943,0.042415,0.0203405,0.662823,0.370814
-1.0,0.0423754,0.0188379,0.0242858,0.0532871,0.819997,0.0373702,0.0189466,0.0318962,0.0198504,0.0427719,0.259238,0.547997,0.0561401,0.544122,0.252401,0.0280239,0.0683518,0.409443,0.0390737,0.0154592,0.0377979,0.476434,0.819037,0.764418,0.639944,0.795615,0.0300336,0.0238058,0.631015,0.384194
-1.0,0.0265973,0.0243184,0.0284433,0.0508969,0.827186,0.0336787,0.0168527,0.0361207,0.0165587,0.0282174,0.269414,0.684416,0.075163,0.482218,0.493075,0.0207321,0.0648837,0.38259,0.0285486,0.0138772,0.0256594,0.524233,0.850927,0.824927,0.542722,0.816493,0.0222586,0.0233082,0.667295,0.26512
-1.0,0.0309912,0.0259501,0.0286874,0.0658986,0.881346,0.0432841,0.0194594,0.0339021,0.0198427,0.038502,0.131019,0.608328,0.0563686,0.471109,0.315555,0.0432683,0.055159,0.350871,0.0385869,0.0218249,0.054259,0.503337,0.776119,0.763792,0.542331,0.759797,0.0362715,0.0286595,0.599716,0.273054
-1.0,0.0320012,0.0265591,0.0249446,0.0534163,0.854048,0.0362833,0.0168374,0.0327272,0.0197784,0.0395955,0.281468,0.574361,0.0440371,0.509922,0.480535,0.0366566,0.056833,0.38074,0.0270559,0.0165176,0.0426136,0.514785,0.832396,0.811172,0.546427,0.862687,0.0212436,0.030025,0.632073,0.281103
-1.0,0.0333464,0.0235525,0.0180376,0.0476032,0.803219,0.0348619,0.0230671,0.0348854,0.0132294,0.0421508,0.201117,0.621368,0.070768,0.50491,0.27168,0.0347063,0.0631817,0.320766,0.033502,0.018301,0.0502969,0.534515,0.803277,0.842528,0.579165,0.848364,0.0372246,0.0244502,0.619017,0.293351
-1.0,0.0221383,0.0485797,0.0265861,0.0456512,0.801862,0.0325863,0.027101,0.0406063,0.0163005,0.0408815,0.185225,0.566428,0.0654446,0.441849,0.286384,0.0373588,0.0411875,0.316889,0.0303605,0.0329635,0.047142,0.533174,0.860995,0.806767,0.548918,0.819659,0.0353085,0.0219965,0.605329,0.216732
-1.0,0.0294437,0.0343867,0.0279288,0.0492848,0.821669,0.0441816,0.0185194,0.0349278,0.0214216,0.0456403,0.172718,0.528841,0.0491473,0.522671,0.391274,0.0251391,0.0530195,0.43542,0.0337797,0.0168662,0.0374342,0.545347,0.828564,0.830264,0.568066,0.860207,0.0286085,0.0270047,0.624332,0.293234
-1.0,0.0357284,0.0256624,0.0194786,0.0596074,0.790293,0.0340781,0.0172192,0.0467783,0.0152994,0.0482069,0.234908,0.582625,0.0396723,0.532771,0.388906,0.0428258,0.0647666,0.453913,0.0380844,0.0157498,0.0629416,0.509751,0.85688,0.833134,0.588265,0.822187,0.0441906,0.0238543,0.622751,0.270799
-1.0,0.0360957,0.0438367,0.024208,0.0439553,0.830463,0.0820137,0.0199685,0.0332154,0.014636,0.0392441,0.174731,0.55196,0.0847842,0.430183,0.343857,0.037068,0.0469526,0.437602,0.0361629,0.0164963,0.0543476,0.490956,0.798694,0.803439,0.500142,0.782532,0.0342794,0.029771,0.614429,0.256918
-1.0,0.0358392,0.0220865,0.0326901,0.0488326,0.834408,0.0397887,0.0209278,0.0317185,0.0171995,0.0362943,0.334446,0.58764,0.0481993,0.551241,0.364492,0.0252588,0.0443294,0.373528,0.0256397,0.0166394,0.0481481,0.503828,0.815049,0.826446,0.537735,0.820287,0.0278221,0.0220512,0.626038,0.277701
-1.0,0.0325291,0.0587441,0.0230776,0.0511208,0.840648,0.077806,0.0225352,0.0529669,0.0232569,0.0378782,0.193315,0.520429,0.0542413,0.51767,0.361668,0.0378337,0.0526283,0.381053,0.0446471,0.0365883,0.0502192,0.526873,0.851365,0.80364,0.569896,0.861482,0.0306975,0.051711,0.582307,0.310932
-1.0,0.0421161,0.0234434,0.0214465,0.0503722,0.860324,0.0488842,0.023262,0.0348356,0.0175557,0.0374307,0.287596,0.59521,0.0518911,0.512714,0.368497,0.0300567,0.0799495,0.417693,0.0343537,0.0174964,0.0413712,0.538044,0.850549,0.802498,0.601099,0.819056,0.0326533,0.0233133,0.611352,0.304247
-1.0,0.0258299,0.0223783,0.0227332,0.0533564,0.820264,0.0383584,0.0166734,0.0372125,0.0145247,0.0329589,0.211627,0.591058,0.0349945,0.474134,0.371448,0.0280308,0.0666826,0.451823,0.0347822,0.0175591,0.0376956,0.51683,0.811714,0.821253,0.557015,0.829199,0.0265156,0.0280281,0.638916,0.252702
-1.0,0.038815,0.0248959,0.0276986,0.0527169,0.848537,0.033186,0.0173001,0.0468223,0.01892,0.0493486,0.32475,0.591523,0.0415275,0.502467,0.343547,0.0308404,0.0629835,0.413028,0.0369019,0.0183489,0.0479397,0.49537,0.801826,0.808321,0.555741,0.747895,0.0281198,0.0276055,0.580943,0.331253
-1.0,0.0289374,0.0272776,0.0332811,0.0597942,0.830168,0.0505409,0.0176272,0.0444013,0.0210741,0.0404102,0.293022,0.562629,0.0799766,0.498591,0.387105,0.0389114,0.0686951,0.369372,0.0419492,0.0144803,0.0480613,0.514674,0.843254,0.815375,0.544136,0.819235,0.03283,0.0265573,0.60474,0.311598
-1.0,0.0280613,0.0410529,0.0296311,0.0541108,0.825792,0.0495904,0.0338185,0.0405559,0.021493,0.0462019,0.304378,0.552775,0.0654901,0.456823,0.346142,0.0486538,0.0503715,0.397834,0.0336357,0.0278581,0.0579209,0.516178,0.86117,0.832245,0.541945,0.841197,0.0265667,0.043004,0.611858,0.29763
-1.0,0.0360175,0.0321593,0.0283416,0.059772,0.838382,0.0441694,0.0220854,0.0294467,0.0183051,0.0391079,0.270018,0.53178,0.0953257,0.510204,0.387911,0.0399082,0.0849816,0.418894,0.0448817,0.0190063,0.0465168,0.514123,0.784613,0.82497,0.585334,0.87636,0.0322981,0.0307406,0.541294,0.409713
-1.0,0.0248118,0.0208281,0.0238935,0.0406227,0.820559,0.0447282,0.01743,0.03339,0.0199868,0.034883,0.209933,0.466697,0.047279,0.511148,0.405807,0.0234235,0.0542286,0.328669,0.0292411,0.0181166,0.0410601,0.53608,0.811601,0.783017,0.508159,0.801542,0.0197767,0.0257573,0.599248,0.200124
-1.0,0.0319766,0.0179287,0.0194469,0.050146,0.717941,0.049316,0.0200577,0.0284523,0.0157238,0.0363976,0.202347,0.60282,0.0656793,0.511696,0.511438,0.0368178,0.0576256,0.416524,0.0415478,0.0147465,0.055234,0.529942,0.84153,0.804067,0.502802,0.869601,0.0362817,0.0272227,0.624292,0.269033
-1.0,0.0281882,0.0346921,0.01925,0.0486609,0.85101,0.0228163,0.0206375,0.0321892,0.0136497,0.0332291,0.410803,0.714496,0.059168,0.555561,0.568301,0.0350756,0.0487855,0.471949,0.0432834,0.0153695,0.0582596,0.654891,0.872265,0.838118,0.655392,0.830103,0.0222597,0.0240981,0.702396,0.295755
-1.0,0.0280999,0.0158423,0.0445235,0.0602775,0.796304,0.0392694,0.0157995,0.037485,0.0188864,0.0285431,0.261307,0.586305,0.0602262,0.514788,0.539655,0.0281478,0.0469093,0.385665,0.0189206,0.0142866,0.0341861,0.491038,0.788329,0.801776,0.598561,0.836611,0.0318993,0.029322,0.661821,0.262102
-1.0,0.028349,0.0304908,0.0367069,0.0425521,0.747537,0.042953,0.0154168,0.0379979,0.0154676,0.0353018,0.224598,0.52511,0.0510407,0.475084,0.485353,0.0207869,0.0771204,0.393448,0.0200935,0.0160871,0.0447778,0.525856,0.833067,0.793962,0.549498,0.788062,0.0391009,0.0255976,0.629198,0.29831
-1.0,0.0367416,0.0248974,0.0243562,0.0527826,0.808537,0.0307021,0.015615,0.0375421,0.0160667,0.0383962,0.196763,0.59455,0.0699226,0.509333,0.393928,0.0415334,0.0453851,0.395706,0.037608,0.0165915,0.0461025,0.544982,0.828286,0.830941,0.57188,0.812614,0.0277003,0.0250632,0.629716,0.310298
-1.0,0.0214182,0.0481621,0.0163116,0.0551596,0.811449,0.0334992,0.03377,0.0294992,0.0231969,0.0363709,0.242786,0.587071,0.0406897,0.546543,0.449922,0.0397277,0.0528027,0.379029,0.0300874,0.0296535,0.0413837,0.523961,0.862598,0.810804,0.590452,0.789504,0.0278024,0.0292715,0.625487,0.297466
-1.0,0.0341883,0.0225593,0.0281649,0.0520747,0.843262,0.0397588,0.0189381,0.0325442,0.0181184,0.0443566,0.259042,0.503386,0.0569515,0.510692,0.273682,0.026127,0.0393935,0.357508,0.027455,0.0163649,0.0391991,0.470384,0.780558,0.794554,0.517615,0.822676,0.032926,0.023917,0.590408,0.295871
-1.0,0.0362224,0.0351111,0.0371898,0.0514438,0.824789,0.0428101,0.0247176,0.0309335,0.0167356,0.0300528,0.277252,0.60797,0.0862968,0.503156,0.528155,0.0305532,0.0772212,0.413441,0.0372099,0.0200277,0.0627634,0.520792,0.803904,0.834219,0.579021,0.77206,0.0494255,0.0229157,0.654926,0.322414
-1.0,0.0265766,0.0266542,0.0286205,0.0472739,0.845688,0.0462084,0.026396,0.0319474,0.018112,0.0455185,0.284967,0.595758,0.0684573,0.517761,0.438733,0.026024,0.0641141,0.419386,0.0499817,0.0219508,0.0629296,0.543278,0.854773,0.873736,0.573754,0.84129,0.0270749,0.0255649,0.60875,0.337799
-1.0,0.0342282,0.0228841,0.0259675,0.0484617,0.826714,0.042588,0.0213846,0.0339882,0.0198697,0.0385428,0.160551,0.54525,0.06584,0.391374,0.199074,0.0298425,0.0575085,0.304292,0.0297435,0.0159643,0.050683,0.469493,0.788378,0.828562,0.4617,0.84069,0.0262775,0.0242152,0.577912,0.245932
-1.0,0.0229074,0.0187683,0.0286407,0.0453851,0.867096,0.0377828,0.0159846,0.0337779,0.0146172,0.0365056,0.292453,0.595154,0.0592098,0.479789,0.2687,0.0205988,0.0616676,0.472131,0.0178047,0.0136507,0.0461828,0.527209,0.857307,0.84223,0.60564,0.790445,0.0215888,0.0269684,0.610987,0.238304
-1.0,0.0330515,0.027507,0.0232863,0.0535312,0.805685,0.0328975,0.0186149,0.0347557,0.0160219,0.0353359,0.321233,0.56741,0.0634559,0.492008,0.443506,0.030471,0.0462865,0.356258,0.0352032,0.0125543,0.0489322,0.566967,0.821182,0.801579,0.585364,0.817064,0.024323,0.0261654,0.64998,0.312457
-1.0,0.0341348,0.0273202,0.0239421,0.048717,0.799243,0.0340596,0.0223242,0.0266066,0.012813,0.030127,0.23571,0.551791,0.0478163,0.540787,0.498463,0.0440364,0.0545369,0.409549,0.0402326,0.0193635,0.0324898,0.507631,0.815586,0.817997,0.590958,0.840434,0.0279742,0.0297741,0.631701,0.304798
-1.0,0.0375382,0.0297906,0.0220874,0.0469564,0.842487,0.0222134,0.014886,0.0357851,0.0135668,0.0506193,0.257483,0.59464,0.0701551,0.545207,0.504505,0.0343522,0.0532176,0.332795,0.0380566,0.0168238,0.050467,0.545459,0.813817,0.86183,0.575282,0.796661,0.0404701,0.0183639,0.632031,0.283157
-1.0,0.0383981,0.0525754,0.0294674,0.0524917,0.748991,0.0416414,0.032716,0.0357097,0.030454,0.038413,0.280421,0.622249,0.0872874,0.545112,0.468886,0.0553725,0.059716,0.405224,0.0438348,0.0279608,0.0979319,0.53181,0.842594,0.849417,0.563275,0.807905,0.0533934,0.0541111,0.699413,0.349751
-1.0,0.0379155,0.0355776,0.0301136,0.0481377,0.84873,0.0497392,0.0224354,0.0334028,0.0198294,0.0396205,0.28614,0.594383,0.0617712,0.461775,0.285737,0.0325716,0.0589378,0.343262,0.0404737,0.0172141,0.0461457,0.503778,0.815687,0.817375,0.540402,0.802721,0.0420243,0.0251838,0.601015,0.305002
-1.0,0.0299968,0.0317839,0.0236342,0.0434024,0.818862,0.0420199,0.0184418,0.0479173,0.0189302,0.0374164,0.174334,0.490287,0.0447761,0.449404,0.311988,0.0230274,0.043279,0.336673,0.028356,0.0187105,0.0486157,0.408594,0.807215,0.784725,0.523117,0.82988,0.0316345,0.0244611,0.56996,0.243307
-1.0,0.026603,0.0414139,0.0296528,0.0424364,0.835083,0.0396564,0.0166501,0.0381539,0.0134857,0.0359256,0.253028,0.595723,0.0625927,0.506597,0.385006,0.0293909,0.0461383,0.463611,0.037261,0.0165967,0.0376047,0.539983,0.808493,0.770473,0.551128,0.807108,0.0401115,0.0244282,0.620099,0.28584
-1.0,0.0351482,0.0296855,0.0245686,0.0680813,0.794135,0.0379541,0.0211133,0.0348488,0.0189818,0.0425308,0.273233,0.583842,0.0713324,0.518879,0.383531,0.0310711,0.0619127,0.369822,0.0287807,0.0190323,0.0483856,0.523022,0.817191,0.775244,0.532564,0.783275,0.0533872,0.0204082,0.624038,0.306582
-1.0,0.0368522,0.0268755,0.0196251,0.0584577,0.815848,0.0494089,0.0164928,0.0392704,0.0215631,0.0472562,0.203065,0.530845,0.0565921,0.474084,0.387629,0.0327221,0.0652777,0.340087,0.0278594,0.0157383,0.0467058,0.494389,0.821013,0.837178,0.538525,0.794686,0.0314619,0.01951,0.591847,0.293146
-1.0,0.0344719,0.0482964,0.0287726,0.05064,0.837176,0.0397527,0.0270764,0.0285966,0.0158332,0.0343015,0.253345,0.612123,0.0537043,0.554213,0.370906,0.0352961,0.0793317,0.510906,0.045322,0.0236244,0.0521965,0.538507,0.863263,0.792346,0.561044,0.83096,0.0389513,0.0324833,0.658437,0.28934
-1.0,0.0320164,0.0542536,0.0832637,0.0411321,0.796731,0.0447131,0.0194694,0.0307142,0.0254162,0.0333958,0.308323,0.69876,0.145683,0.55981,0.534947,0.0283892,0.0757103,0.471509,0.0486347,0.038989,0.0714129,0.523307,0.888756,0.827346,0.574966,0.774695,0.0392387,0.0293786,0.660283,0.32884
-1.0,0.0317368,0.0280619,0.0277584,0.0513874,0.823086,0.0489396,0.0145117,0.0322831,0.0193012,0.0326206,0.254133,0.599385,0.0491144,0.559381,0.434796,0.029078,0.0489779,0.459623,0.0366396,0.0165107,0.0569071,0.525193,0.86909,0.783852,0.621195,0.813426,0.0497989,0.0243072,0.587422,0.366495
-1.0,0.0326802,0.0275502,0.0315038,0.05338,0.850891,0.0406309,0.0223757,0.0319128,0.0189336,0.0349931,0.181802,0.596569,0.0559949,0.521873,0.374542,0.0296492,0.0538613,0.420833,0.0326217,0.0174935,0.0394914,0.5021,0.819896,0.773291,0.585862,0.802373,0.0325978,0.02611,0.571988,0.338457
-1.0,0.0337975,0.0351297,0.0280655,0.0487886,0.820959,0.0383244,0.0185687,0.0381525,0.0213116,0.0407106,0.281676,0.481252,0.0316536,0.492431,0.27295,0.0283478,0.0802791,0.331779,0.0297629,0.0175886,0.0419889,0.458923,0.838742,0.815381,0.560446,0.850679,0.0279443,0.0281691,0.56155,0.250341
-1.0,0.0249686,0.0253343,0.0279654,0.0519642,0.807846,0.0366157,0.0171221,0.0336069,0.0180266,0.0317859,0.311237,0.675595,0.061621,0.505746,0.472971,0.0253973,0.0476039,0.375699,0.0289568,0.01781,0.0426023,0.481781,0.837142,0.805531,0.602583,0.875039,0.0286891,0.0260407,0.64509,0.239312
-1.0,0.0270412,0.0272507,0.0188253,0.0625996,0.811848,0.0628331,0.0236427,0.0393865,0.0325758,0.0529752,0.202366,0.527387,0.0492867,0.492152,0.307031,0.0375447,0.0465201,0.309827,0.0343139,0.0273927,0.0439157,0.523638,0.804884,0.809828,0.539878,0.797437,0.0223755,0.029445,0.593944,0.227613
-1.0,0.0334041,0.0354824,0.0461287,0.0597685,0.812,0.0456754,0.0198006,0.0355131,0.0243881,0.0378912,0.437492,0.692563,0.072507,0.590606,0.372735,0.0298236,0.0710314,0.524736,0.0374643,0.0152651,0.0535493,0.548253,0.846348,0.851766,0.603723,0.856118,0.0416278,0.0202655,0.666888,0.30808
-1.0,0.034365,0.0373388,0.038759,0.054058,0.760529,0.0594474,0.0191445,0.0365356,0.0164286,0.0441358,0.266015,0.578705,0.0687243,0.548072,0.45119,0.0308198,0.0872676,0.403256,0.0460508,0.0152583,0.0588566,0.564194,0.867084,0.863341,0.609854,0.842317,0.0325723,0.0247363,0.65516,0.358129
-1.0,0.030341,0.0280175,0.0235755,0.0527769,0.735446,0.0413595,0.0156243,0.0345421,0.0179153,0.0420164,0.257424,0.553515,0.0661188,0.514921,0.340776,0.037799,0.055218,0.377551,0.0420466,0.0175076,0.0586199,0.489227,0.819413,0.801438,0.542785,0.854935,0.0356153,0.0290772,0.606371,0.299857
-1.0,0.0277639,0.0219405,0.0268752,0.0420227,0.820746,0.0397392,0.0194404,0.0363698,0.0165483,0.0324515,0.236929,0.565348,0.0612205,0.469738,0.417951,0.0259199,0.0596857,0.319606,0.0287039,0.0139677,0.0439995,0.47423,0.8415,0.762655,0.522224,0.761917,0.0255807,0.0274761,0.546777,0.246491
-1.0,0.0282482,0.0323849,0.0357299,0.0669231,0.804985,0.0345101,0.0186345,0.036793,0.0174679,0.0429679,0.292157,0.532279,0.0576482,0.463027,0.379027,0.0286704,0.0760458,0.346291,0.0370191,0.0170024,0.0624226,0.494336,0.808394,0.792433,0.564831,0.835364,0.0296362,0.02143,0.560527,0.296683
-1.0,0.0271473,0.0343768,0.0282973,0.0698213,0.808413,0.0307151,0.0312173,0.0289385,0.025647,0.0285077,0.173876,0.499025,0.0587516,0.482479,0.417571,0.0465756,0.04412,0.404778,0.0300141,0.036492,0.0458209,0.506283,0.766521,0.833968,0.571646,0.797726,0.0241761,0.0297544,0.578999,0.249423
-1.0,0.0286322,0.0306917,0.0222327,0.0538881,0.825194,0.0327799,0.0255147,0.0350703,0.0241519,0.0351639,0.17391,0.465479,0.0577023,0.411858,0.334459,0.0366364,0.0611718,0.365667,0.0333616,0.0153248,0.0483852,0.455854,0.801504,0.814302,0.514424,0.765687,0.0342859,0.0248364,0.562527,0.278308
-1.0,0.0319176,0.0309735,0.0241976,0.0651771,0.800845,0.0409767,0.0202673,0.0367986,0.0186443,0.0395791,0.165044,0.508647,0.041778,0.418716,0.217071,0.0220478,0.0321404,0.263722,0.0342622,0.0168417,0.0437637,0.419707,0.768548,0.771046,0.509342,0.784624,0.0286465,0.0272959,0.550574,0.232833
-1.0,0.0270883,0.0200754,0.0275496,0.0505776,0.86524,0.0347943,0.0207637,0.0359983,0.015414,0.0393289,0.279107,0.524854,0.0370643,0.532829,0.376801,0.0268404,0.0650031,0.424027,0.0259281,0.0162133,0.0335936,0.528063,0.838254,0.826842,0.546659,0.820195,0.0242972,0.0255176,0.596095,0.239352
-1.0,0.0266565,0.0403722,0.0259608,0.043317,0.803328,0.0385657,0.0240829,0.0319352,0.0234926,0.0300534,0.170334,0.514523,0.0455054,0.431047,0.311496,0.0522975,0.0539037,0.357328,0.038246,0.0244205,0.0473031,0.469781,0.761501,0.775139,0.507003,0.797074,0.0206203,0.0262218,0.558104,0.256901
-1.0,0.0398489,0.0313355,0.0329075,0.0468665,0.840068,0.0434909,0.0211405,0.0375333,0.0159998,0.0436397,0.232418,0.636468,0.064313,0.490977,0.435139,0.0318137,0.0631772,0.332773,0.0373211,0.01999,0.0435289,0.535588,0.807629,0.752862,0.576776,0.765954,0.0336641,0.0253073,0.610405,0.301995
-1.0,0.0395155,0.0475731,0.0269568,0.0591556,0.78087,0.0680905,0.034532,0.0332925,0.0349937,0.0448571,0.249461,0.654344,0.078519,0.567282,0.425546,0.0534995,0.0661784,0.375001,0.0441986,0.0280809,0.0609318,0.60434,0.853858,0.797122,0.601923,0.84352,0.0512782,0.0336388,0.645014,0.352798
-1.0,0.0375393,0.0385275,0.0366581,0.0648484,0.789631,0.0407672,0.0231589,0.0343999,0.0169355,0.0379445,0.183951,0.558037,0.0533638,0.5155,0.359097,0.0222401,0.0641926,0.420829,0.0343342,0.0173636,0.0453141,0.552879,0.778484,0.796048,0.520961,0.797851,0.0251408,0.0271061,0.585747,0.301955
-1.0,0.0311252,0.0280258,0.0227994,0.045459,0.810593,0.0372584,0.021384,0.0352818,0.0157352,0.0396396,0.24139,0.50669,0.0585224,0.500657,0.408001,0.0245454,0.0714906,0.353488,0.0276454,0.0147413,0.0459269,0.481299,0.815464,0.830501,0.528199,0.841849,0.0287355,0.0250414,0.583459,0.273573
-1.0,0.0285327,0.0310823,0.0269234,0.0485339,0.820134,0.0265367,0.0256214,0.0276819,0.0216173,0.0296803,0.144298,0.486789,0.0484494,0.437022,0.37041,0.0449351,0.0618209,0.430851,0.0311235,0.0377538,0.0592241,0.507448,0.835183,0.80084,0.552368,0.783633,0.020872,0.0281374,0.615765,0.269715
-1.0,0.0284585,0.0632655,0.0209545,0.0534335,0.833663,0.0363955,0.0355029,0.0263019,0.0284393,0.0294444,0.229206,0.60738,0.0746242,0.492493,0.50716,0.0440279,0.055669,0.437381,0.0304067,0.0281782,0.0580276,0.52252,0.834232,0.811438,0.593348,0.775767,0.0298077,0.0208558,0.652916,0.234267
-1.0,0.0415307,0.040361,0.0283603,0.0572974,0.832715,0.0438369,0.0254104,0.0330013,0.0171829,0.0390349,0.27105,0.618902,0.0474765,0.562825,0.359748,0.031173,0.0706992,0.381555,0.0388842,0.0192619,0.0498109,0.562317,0.839423,0.843713,0.573839,0.838655,0.0494855,0.0292493,0.626836,0.305439
-1.0,0.0395712,0.0467043,0.0276167,0.067939,0.810749,0.0803394,0.0556555,0.0524048,0.0219932,0.0626039,0.240313,0.560349,0.0798399,0.570934,0.449843,0.0406014,0.0720982,0.408532,0.0383489,0.0355318,0.0537788,0.536892,0.883886,0.801732,0.578799,0.811725,0.026105,0.0453442,0.638757,0.326956
-1.0,0.0289708,0.0325904,0.0206233,0.0484406,0.799095,0.0296587,0.0178565,0.0288522,0.0151349,0.0315208,0.223777,0.606259,0.0615078,0.569105,0.378038,0.0369177,0.0475503,0.398343,0.039849,0.0141972,0.0462596,0.57177,0.824737,0.828188,0.568814,0.854239,0.0371557,0.0196525,0.605686,0.310635
-1.0,0.0354667,0.0430948,0.0190476,0.0526003,0.835311,0.044406,0.0268508,0.0318274,0.022226,0.0348673,0.214112,0.555401,0.0568812,0.518727,0.467338,0.0392834,0.0443318,0.292865,0.0391073,0.0114146,0.0483922,0.485047,0.853885,0.829105,0.579267,0.835074,0.0277579,0.0339439,0.599975,0.3086
-1.0,0.0251558,0.0338208,0.030527,0.0475043,0.840671,0.0308909,0.0260636,0.0336658,0.018273,0.0288847,0.290693,0.60186,0.0826536,0.522642,0.46658,0.0344494,0.0634741,0.462253,0.0379853,0.0169641,0.0451968,0.574195,0.818758,0.820032,0.573896,0.835641,0.0303756,0.0251537,0.620651,0.338244
-1.0,0.0346253,0.0372422,0.040034,0.0504153,0.81141,0.0407779,0.0189629,0.0295413,0.01685,0.0331468,0.169195,0.558023,0.0717983,0.53335,0.387931,0.034886,0.0699369,0.397878,0.039826,0.0151488,0.0502198,0.572765,0.860089,0.819292,0.565293,0.789952,0.0369972,0.0238421,0.588019,0.308086
-1.0,0.0264057,0.0244462,0.0216711,0.0468676,0.77685,0.0360248,0.0170625,0.0358653,0.0172712,0.0370849,0.0863409,0.45949,0.0376546,0.455396,0.356334,0.0232374,0.0433967,0.372058,0.0225907,0.0156145,0.0353131,0.412755,0.799515,0.784399,0.526928,0.732464,0.0339316,0.0254116,0.557606,0.214629
-1.0,0.034831,0.0244654,0.0328255,0.0524842,0.840063,0.0422549,0.0179966,0.0309675,0.0173305,0.0429102,0.114732,0.501134,0.0431617,0.468576,0.378794,0.0264857,0.0445307,0.346175,0.0283358,0.0149463,0.0358175,0.514675,0.818287,0.785931,0.537257,0.785818,0.0207465,0.0240486,0.62386,0.306056
-1.0,0.032865,0.0327808,0.030365,0.0548332,0.849832,0.0449836,0.020713,0.0485144,0.0144089,0.0394624,0.206661,0.577622,0.0632207,0.544199,0.404632,0.0293824,0.0528385,0.331383,0.0384933,0.0163209,0.0533962,0.488144,0.805321,0.782062,0.55391,0.768158,0.0366604,0.0236386,0.583966,0.313831
-1.0,0.0431876,0.0377454,0.016334,0.0420469,0.822662,0.0300253,0.0230608,0.0281904,0.0174766,0.0311536,0.206853,0.579785,0.0566503,0.489405,0.453033,0.0367003,0.0798859,0.34389,0.0359429,0.018376,0.0624757,0.514941,0.836888,0.802861,0.527534,0.807842,0.0237902,0.0183214,0.627622,0.340192
-1.0,0.0229353,0.0287596,0.0262185,0.0434693,0.792912,0.0267177,0.0145774,0.0399602,0.0213857,0.0275835,0.241865,0.558385,0.0749448,0.520248,0.422571,0.0239202,0.054528,0.346648,0.0332209,0.02151,0.0495926,0.519788,0.818871,0.824974,0.534244,0.823799,0.0387736,0.0273295,0.614134,0.26625
-1.0,0.0405873,0.0556888,0.0494863,0.0573021,0.813213,0.0716333,0.0318727,0.0391415,0.0321823,0.0410924,0.199324,0.553922,0.0651485,0.467878,0.342136,0.0502799,0.0775289,0.346046,0.0426861,0.0322142,0.0606839,0.506764,0.817058,0.843682,0.552176,0.80158,0.0361267,0.0378395,0.56929,0.369109
-1.0,0.0289499,0.0308357,0.0294461,0.0757526,0.848294,0.0375021,0.0186331,0.0339653,0.0172223,0.0326498,0.171646,0.588491,0.0660319,0.484998,0.37953,0.0247479,0.0690897,0.349418,0.0284214,0.0147237,0.0531919,0.552898,0.819294,0.810112,0.527231,0.773668,0.02552,0.0282005,0.608124,0.211486
-1.0,0.0237376,0.0360058,0.0180205,0.0501436,0.810899,0.0175061,0.0173617,0.0312557,0.012912,0.0426358,0.238633,0.513596,0.0598412,0.457431,0.345202,0.027248,0.0385946,0.3519,0.0400686,0.0190332,0.0380364,0.490856,0.798219,0.77747,0.553023,0.781264,0.0282678,0.020319,0.619053,0.300827
-1.0,0.033543,0.0342973,0.0332765,0.0484568,0.829465,0.0419597,0.0220063,0.037118,0.0199327,0.0340827,0.392492,0.644585,0.0833856,0.56846,0.59885,0.0308953,0.0920033,0.459656,0.0346563,0.0180625,0.0454342,0.582246,0.830939,0.799186,0.593876,0.812059,0.0338316,0.0262219,0.620709,0.384445
-1.0,0.029238,0.0267384,0.0386036,0.0590837,0.692923,0.0700426,0.0193156,0.045788,0.0177516,0.0447143,0.197296,0.598634,0.0603458,0.487436,0.359014,0.0401459,0.0585993,0.285282,0.0425107,0.0154173,0.0525139,0.571827,0.837457,0.808629,0.5755,0.786283,0.0406876,0.034835,0.398183,0.321236
-1.0,0.0276262,0.0388544,0.0347778,0.0599271,0.805253,0.0457412,0.0157463,0.0265384,0.0155472,0.0300157,0.262642,0.605828,0.0590961,0.53257,0.347467,0.0275556,0.0436183,0.435132,0.0187572,0.0145562,0.0494608,0.512077,0.808307,0.794369,0.566708,0.82875,0.0366385,0.0227372,0.623532,0.269549
-1.0,0.0409346,0.0436582,0.0342416,0.0584973,0.810893,0.0430051,0.0277114,0.0105959,0.0206363,0.0475136,0.226051,0.588288,0.0684785,0.492728,0.302703,0.0253752,0.0663238,0.394236,0.0306862,0.0177818,0.0453867,0.535563,0.863865,0.840649,0.546265,0.846014,0.036718,0.02966,0.585718,0.291603
-1.0,0.0293818,0.024166,0.0251464,0.0390209,0.826481,0.0317902,0.0130075,0.0304546,0.0142276,0.0332096,0.234203,0.571719,0.0595288,0.482377,0.364137,0.0246357,0.0460889,0.409091,0.0166862,0.0133834,0.0284094,0.568387,0.807272,0.813139,0.551503,0.819988,0.0221916,0.0232165,0.617599,0.268616
-1.0,0.038379,0.0435991,0.0267612,0.0622164,0.710363,0.0778766,0.0361081,0.0440519,0.0393531,0.0414591,0.180461,0.548705,0.0618795,0.509946,0.371946,0.0512258,0.0700664,0.380019,0.0380326,0.0356498,0.0537209,0.46921,0.829607,0.825769,0.53622,0.837838,0.0300982,0.0442723,0.590712,0.32732
-1.0,0.0310144,0.034209,0.0265227,0.0617305,0.819362,0.0558531,0.0188103,0.0385036,0.0183354,0.0467791,0.26288,0.512088,0.0694572,0.526876,0.338855,0.032705,0.0453985,0.374314,0.0377803,0.0190148,0.0419202,0.548552,0.817016,0.874299,0.551602,0.841466,0.0421717,0.0303877,0.590449,0.318783
-1.0,0.029216,0.0374213,0.0146125,0.0442337,0.823009,0.0216849,0.0278111,0.0289449,0.0156316,0.033476,0.19104,0.578291,0.044145,0.471429,0.355508,0.0345875,0.0315528,0.377988,0.027771,0.0256761,0.0320989,0.515954,0.816028,0.798358,0.617314,0.807653,0.0266096,0.0293458,0.604363,0.235108
-1.0,0.0288527,0.0220205,0.0243345,0.0363483,0.838269,0.0391946,0.0146861,0.0394396,0.0205475,0.0449998,0.127255,0.528225,0.0597302,0.420188,0.325065,0.0280606,0.0465409,0.354413,0.0329459,0.0205744,0.0543903,0.447591,0.810958,0.789488,0.509177,0.759964,0.0239155,0.026834,0.569545,0.205256
-1.0,0.0267128,0.0283155,0.0208522,0.0477844,0.803106,0.0541063,0.0257525,0.0426843,0.0164794,0.0404275,0.182789,0.562439,0.0693925,0.450434,0.414417,0.0338922,0.0450782,0.299609,0.0323406,0.0155748,0.0539272,0.47662,0.784284,0.784006,0.537288,0.82023,0.0405218,0.0259336,0.611996,0.272312
-1.0,0.0423314,0.0335735,0.0202975,0.0530983,0.825407,0.0569501,0.0192079,0.0277923,0.0182122,0.0391175,0.289025,0.540605,0.0579147,0.505224,0.400279,0.0311744,0.0616204,0.380405,0.0394632,0.0183446,0.0477969,0.486935,0.807701,0.79836,0.566863,0.834876,0.0289448,0.0277082,0.568491,0.303967
-1.0,0.0403402,0.040099,0.0281112,0.0667417,0.790358,0.0391622,0.0243226,0.0362983,0.0222459,0.0455011,0.31979,0.630694,0.0506355,0.493146,0.398387,0.0400976,0.0704001,0.352378,0.0348288,0.0183644,0.0588184,0.560979,0.81389,0.775049,0.534897,0.809506,0.0465121,0.0207051,0.625642,0.279953
-1.0,0.0250714,0.037738,0.0189438,0.0462072,0.810043,0.0155428,0.0257037,0.0327804,0.0151559,0.0405937,0.224864,0.639124,0.0467878,0.54799,0.329666,0.0278728,0.0329116,0.26067,0.0292035,0.0224795,0.0447877,0.556955,0.84986,0.831157,0.546643,0.801685,0.0500312,0.0256301,0.649514,0.300967
-1.0,0.0454303,0.0245478,0.0210833,0.0496973,0.749139,0.0215822,0.0214478,0.0310222,0.0199285,0.0448563,0.18784,0.55192,0.041684,0.526805,0.245375,0.0234257,0.0537189,0.266923,0.0315067,0.0154014,0.0390705,0.501148,0.842695,0.793974,0.561502,0.778791,0.0299164,0.0219415,0.561939,0.257684
-1.0,0.0394236,0.0220001,0.0383505,0.0548508,0.813535,0.0420525,0.0201157,0.0320017,0.0159628,0.0420846,0.398411,0.623359,0.0682374,0.534273,0.520206,0.0290681,0.0846,0.483502,0.041923,0.0203245,0.0672814,0.547778,0.794893,0.817909,0.599099,0.803456,0.0354082,0.0285912,0.638822,0.34405
-1.0,0.0295308,0.0430279,0.0281534,0.0514677,0.803454,0.0334558,0.0205864,0.0393901,0.0243722,0.0340062,0.380636,0.64344,0.0928021,0.544361,0.478289,0.0411048,0.0674338,0.532481,0.0382188,0.0198556,0.0548661,0.59171,0.778976,0.786171,0.565948,0.78671,0.044605,0.0274799,0.672281,0.339758
-1.0,0.0286646,0.0399952,0.0336719,0.0529249,0.810821,0.0330807,0.0394964,0.0318742,0.0221491,0.0355165,0.203124,0.541786,0.0710428,0.562251,0.41331,0.0380799,0.0512586,0.309155,0.0400731,0.0236589,0.0588371,0.520356,0.816572,0.845591,0.58126,0.851168,0.0267541,0.0252093,0.606131,0.276657
-1.0,0.0325838,0.0303732,0.0300674,0.051335,0.836815,0.0516342,0.0178424,0.0332419,0.0156063,0.0375147,0.240615,0.646445,0.0864119,0.512387,0.383231,0.0385978,0.0587621,0.443785,0.0420498,0.0191001,0.0565818,0.572383,0.822657,0.797503,0.603319,0.791233,0.0501574,0.031814,0.608426,0.338184
-1.0,0.0318056,0.0422062,0.0372246,0.0541276,0.809407,0.0375529,0.0187398,0.0372272,0.0227147,0.0393758,0.260449,0.58608,0.0582178,0.510296,0.357027,0.0315646,0.0600258,0.429037,0.0400497,0.0164988,0.0605495,0.519146,0.81349,0.787003,0.562239,0.815729,0.0414573,0.0241025,0.59829,0.345848
-1.0,0.0375827,0.0251896,0.0323543,0.0518134,0.848237,0.0568171,0.0169691,0.0366214,0.0158555,0.0352215,0.275958,0.579668,0.0648156,0.457363,0.423062,0.0325818,0.0595757,0.40848,0.0374391,0.0179798,0.0635289,0.544511,0.814272,0.807028,0.546228,0.802789,0.0413593,0.0282491,0.591868,0.325639
-1.0,0.0413608,0.0407541,0.0548487,0.0593069,0.813253,0.0958065,0.0282015,0.0504812,0.0439348,0.0455276,0.291935,0.647933,0.0792545,0.56042,0.470395,0.0464955,0.0640227,0.454016,0.035012,0.0448122,0.0499671,0.583657,0.862885,0.84159,0.564648,0.830007,0.0507638,0.0678835,0.669397,0.347458
-1.0,0.0355475,0.0347465,0.0296865,0.0509943,0.821641,0.0447162,0.0195681,0.0331465,0.0164198,0.0385822,0.20218,0.562777,0.0717974,0.507432,0.523387,0.0391365,0.0645564,0.431019,0.0380481,0.0177806,0.0488956,0.552476,0.824968,0.851333,0.543232,0.78775,0.0395723,0.027383,0.606851,0.336044
-1.0,0.0310089,0.0226748,0.0360757,0.0574661,0.801087,0.0431963,0.0220619,0.0306801,0.0150383,0.0462867,0.268661,0.632193,0.0853468,0.554466,0.487364,0.0377792,0.0569534,0.471658,0.0357924,0.0184307,0.0492967,0.54332,0.863289,0.813214,0.610671,0.827393,0.032749,0.0241959,0.684244,0.374433
-1.0,0.0253814,0.021517,0.0282807,0.0465635,0.843661,0.0370856,0.0109441,0.0308063,0.0131426,0.0352335,0.154307,0.549552,0.0553522,0.450006,0.38356,0.019835,0.0424694,0.405884,0.0289336,0.0192879,0.0268515,0.527368,0.839487,0.838056,0.562662,0.829074,0.0208213,0.0230606,0.654228,0.237849
-1.0,0.0280408,0.0280801,0.0294484,0.051053,0.807008,0.0371407,0.0198686,0.0314686,0.0133243,0.0408023,0.310799,0.621739,0.0465361,0.542691,0.451414,0.0286921,0.0646763,0.366628,0.0463725,0.0143466,0.0559023,0.579778,0.840266,0.859898,0.585136,0.842833,0.0365397,0.0258456,0.718099,0.297711
-1.0,0.0268981,0.0227903,0.0331675,0.0443981,0.822892,0.0503535,0.0140402,0.0344934,0.0170635,0.0649888,0.327908,0.531036,0.0629934,0.553128,0.425521,0.0290377,0.0660505,0.480089,0.0449275,0.0158474,0.0469655,0.496943,0.81092,0.805604,0.578967,0.82054,0.0346269,0.0263938,0.609176,0.328725
-1.0,0.0370248,0.051877,0.0302006,0.0495277,0.81949,0.0491982,0.0220846,0.0364689,0.0239216,0.0463958,0.292732,0.620137,0.0694318,0.493184,0.408233,0.0374515,0.064728,0.417081,0.0370299,0.0205248,0.0581955,0.547399,0.786215,0.81781,0.572721,0.820144,0.0236494,0.0258064,0.59512,0.31574
-1.0,0.0267506,0.0205499,0.030078,0.0571926,0.834231,0.0462425,0.0229632,0.033492,0.0173932,0.0484341,0.168653,0.598312,0.076805,0.516992,0.344883,0.0453521,0.0575087,0.369925,0.0416902,0.013871,0.0498614,0.518237,0.780634,0.805395,0.532918,0.826949,0.0379643,0.0271732,0.629586,0.338601
-1.0,0.0455885,0.0500291,0.0320072,0.0518727,0.750042,0.0505545,0.0325417,0.0398043,0.0158293,0.0409799,0.303451,0.670548,0.0658787,0.60597,0.554327,0.0411652,0.066488,0.328248,0.0385824,0.0168244,0.0735064,0.552276,0.869869,0.854912,0.671531,0.858999,0.0360213,0.0225268,0.702469,0.324095
-1.0,0.0274097,0.0258671,0.0283923,0.0463248,0.771388,0.0411026,0.0182525,0.0386235,0.0224369,0.0380701,0.309854,0.504604,0.0535573,0.422835,0.338692,0.0322079,0.0389993,0.309723,0.020378,0.0151444,0.0418061,0.47971,0.811754,0.788988,0.540323,0.773665,0.025747,0.0229927,0.583898,0.274413
-1.0,0.0314205,0.0279683,0.0271792,0.0571452,0.836785,0.0421779,0.0206504,0.0359957,0.0169194,0.0367588,0.325833,0.554849,0.0554141,0.544372,0.431265,0.0307999,0.0540568,0.379097,0.030383,0.0166021,0.0592713,0.550854,0.835686,0.857739,0.578223,0.81658,0.0294554,0.0247864,0.621274,0.300244
-1.0,0.0403403,0.0414868,0.0262035,0.0554226,0.822407,0.0588385,0.0182006,0.0399507,0.0255783,0.0368617,0.340351,0.619251,0.0777896,0.540861,0.46587,0.0316925,0.0837396,0.472219,0.0429333,0.035615,0.0464032,0.573773,0.835761,0.831998,0.597968,0.830073,0.0326638,0.0225037,0.598338,0.255207
-1.0,0.0293634,0.0243212,0.0184842,0.0518609,0.844593,0.0309273,0.0214234,0.0336798,0.0133437,0.0373674,0.276244,0.61164,0.0592773,0.517985,0.377634,0.041107,0.0449521,0.354255,0.033609,0.0176066,0.0596826,0.543581,0.875609,0.85021,0.565208,0.808373,0.0232608,0.0269648,0.576056,0.327706
-1.0,0.0264511,0.0230627,0.0240609,0.0490041,0.837685,0.0262738,0.0279547,0.026922,0.0252457,0.0256075,0.18503,0.552084,0.0585025,0.482525,0.38784,0.0442711,0.0493504,0.342399,0.0339362,0.0291935,0.0510588,0.513889,0.854465,0.796957,0.532344,0.823516,0.0379808,0.0227685,0.64239,0.261717
-1.0,0.0353061,0.0360504,0.0270121,0.0453717,0.806165,0.0479672,0.0194337,0.0379483,0.0195812,0.0400682,0.361473,0.620953,0.0828004,0.509303,0.473835,0.0392054,0.050959,0.458278,0.0460678,0.0188967,0.05205,0.562088,0.840083,0.817998,0.624436,0.801297,0.0384561,0.0274852,0.645011,0.364709
-1.0,0.0216812,0.018008,0.0270673,0.0471333,0.807927,0.0464984,0.0215912,0.0369411,0.0304533,0.0416857,0.302321,0.612595,0.0504464,0.534859,0.409808,0.0321205,0.0450591,0.40221,0.0298988,0.0277698,0.036259,0.561221,0.818504,0.832216,0.639778,0.8413,0.0262339,0.034946,0.680965,0.275073
-1.0,0.0259093,0.0366597,0.0142059,0.0525311,0.804724,0.0554944,0.0189681,0.0355689,0.0249716,0.0347554,0.200982,0.570836,0.0655408,0.534461,0.438267,0.0330712,0.0482293,0.31837,0.0331416,0.0230326,0.0446472,0.457226,0.808837,0.832182,0.578634,0.839346,0.0503154,0.0325828,0.634104,0.232544
-1.0,0.0291457,0.0262157,0.0246783,0.0459194,0.831885,0.0271492,0.017863,0.0356752,0.0285916,0.0331236,0.253913,0.599495,0.0548627,0.529876,0.483586,0.0389633,0.0692369,0.383255,0.0327464,0.0186202,0.0589085,0.487313,0.83366,0.848324,0.595736,0.86218,0.0217627,0.0168868,0.613952,0.307969
-1.0,0.0333591,0.0303675,0.0415316,0.052776,0.71421,0.0534135,0.0164287,0.0403947,0.0195148,0.047061,0.379768,0.661791,0.0940454,0.551717,0.546259,0.0387349,0.0936051,0.435111,0.0451153,0.0191113,0.0629719,0.574851,0.884818,0.852575,0.654676,0.856274,0.0499651,0.0203796,0.658042,0.368329
-1.0,0.0368456,0.0408541,0.0237046,0.0580318,0.823515,0.0389342,0.019237,0.0322185,0.0167798,0.043975,0.246719,0.589671,0.0738563,0.486489,0.310047,0.0337536,0.0639425,0.389244,0.0350066,0.0178056,0.0427809,0.508753,0.78912,0.771186,0.56896,0.793414,0.0273343,0.032395,0.621648,0.31579
-1.0,0.03746,0.0412921,0.0429522,0.0552858,0.802668,0.054075,0.024667,0.0342467,0.0220527,0.0376694,0.254796,0.531307,0.0696913,0.533598,0.42893,0.0327772,0.0410769,0.42533,0.0360271,0.0191062,0.0497277,0.544845,0.844582,0.834547,0.573903,0.85592,0.0366922,0.03366,0.653348,0.323762
-1.0,0.0324554,0.0379375,0.0177806,0.0634792,0.804514,0.0268745,0.0285231,0.0313868,0.0158086,0.033425,0.275457,0.631967,0.0586989,0.551536,0.457504,0.0351666,0.0706592,0.374264,0.0391909,0.0162254,0.050868,0.595024,0.842399,0.856982,0.625323,0.863593,0.0274263,0.0218655,0.677645,0.305708
-1.0,0.0337498,0.0282045,0.0277682,0.0517387,0.851402,0.0389547,0.0218496,0.0476546,0.020571,0.0498019,0.253356,0.567251,0.067609,0.519123,0.374793,0.0268237,0.0688877,0.383017,0.0416755,0.0169265,0.0453096,0.561267,0.865997,0.854822,0.556609,0.800984,0.0402883,0.0277343,0.567825,0.343747
-1.0,0.0326871,0.0216077,0.0309217,0.0536302,0.773808,0.0438898,0.0161433,0.0332232,0.0185572,0.0326219,0.176208,0.559635,0.0618212,0.570466,0.384999,0.031863,0.0467343,0.466546,0.0323408,0.0211887,0.0452922,0.541995,0.860651,0.828495,0.584333,0.834743,0.0307805,0.0253643,0.608697,0.402523
-1.0,0.0335139,0.0310625,0.0508549,0.0548386,0.762697,0.0530515,0.0256015,0.0481042,0.0157532,0.0419268,0.224409,0.544452,0.074583,0.495507,0.392469,0.0379367,0.073679,0.345303,0.0358613,0.0137237,0.0513258,0.51758,0.842898,0.795281,0.528514,0.817275,0.0368457,0.0322684,0.61306,0.318243
-1.0,0.0349178,0.0274576,0.0342737,0.0504816,0.835604,0.0438706,0.0246726,0.0541266,0.0164035,0.0490568,0.311769,0.582615,0.0804259,0.500421,0.457885,0.0339418,0.0578843,0.380841,0.0418269,0.0160547,0.0485305,0.546318,0.833376,0.816657,0.597941,0.831993,0.0257766,0.0314938,0.590512,0.304076
-1.0,0.0323347,0.0485838,0.0103781,0.05397,0.8125,0.0305234,0.0235692,0.0297487,0.0193485,0.029144,0.323968,0.648258,0.0828613,0.483893,0.36988,0.0404106,0.0476554,0.35091,0.0371775,0.0297009,0.047525,0.539228,0.805881,0.803862,0.579274,0.862294,0.0361836,0.0335902,0.640867,0.288602
-1.0,0.0412691,0.0302865,0.0254297,0.043454,0.851227,0.0259539,0.0294192,0.0240646,0.0263122,0.0306597,0.371208,0.577395,0.0573078,0.524912,0.468619,0.0480112,0.040256,0.522811,0.0243522,0.0239639,0.0541614,0.531608,0.817326,0.825384,0.575948,0.807258,0.0254402,0.0280518,0.631617,0.304441
-1.0,0.0285614,0.0307734,0.0346443,0.0520987,0.832865,0.0375985,0.0205298,0.0370431,0.0184685,0.045341,0.22289,0.618528,0.0758987,0.553052,0.490978,0.0340142,0.0645831,0.400428,0.0394431,0.0155908,0.0422704,0.584369,0.833847,0.832178,0.581361,0.849084,0.0284974,0.0233519,0.59718,0.357845
-1.0,0.0315804,0.0247912,0.0319538,0.0537232,0.802852,0.0451941,0.0195795,0.035747,0.0175292,0.0404035,0.249274,0.605053,0.0875318,0.532581,0.428363,0.025119,0.0602271,0.43236,0.0366146,0.0167011,0.0532719,0.54535,0.83457,0.845672,0.599866,0.886224,0.0400933,0.0223686,0.67426,0.369669
-1.0,0.0364429,0.0257984,0.0229293,0.0583009,0.806889,0.0419516,0.0190393,0.0347803,0.0202533,0.0433906,0.227223,0.577726,0.0872125,0.534512,0.497623,0.023565,0.0664971,0.385031,0.0330239,0.0150141,0.0518923,0.572139,0.878989,0.802221,0.536179,0.794582,0.0364421,0.0275444,0.575087,0.283809
-1.0,0.0466675,0.0436197,0.0358413,0.0544972,0.81043,0.0377446,0.0270936,0.0304779,0.0145744,0.0445443,0.317352,0.701408,0.0861195,0.547588,0.521451,0.0398623,0.0644005,0.486358,0.0372295,0.0211037,0.0547833,0.593247,0.846588,0.818248,0.647988,0.823036,0.0455197,0.0270051,0.64367,0.310257
-1.0,0.0312022,0.0391317,0.0305176,0.0532299,0.845574,0.0196247,0.0288799,0.0266534,0.0225933,0.0330272,0.23123,0.600179,0.0519348,0.458859,0.349915,0.0469182,0.0316413,0.379669,0.0382964,0.0253869,0.0537563,0.546118,0.840837,0.795398,0.544583,0.789272,0.041485,0.0287697,0.645769,0.252041
-1.0,0.0277448,0.0221034,0.0221029,0.036976,0.867385,0.0405695,0.0201871,0.032873,0.0173172,0.0400283,0.318697,0.595257,0.0756786,0.517869,0.390178,0.0300605,0.0584516,0.439099,0.0381946,0.0163174,0.0485024,0.546109,0.800021,0.850108,0.611953,0.868043,0.0352895,0.0237186,0.626252,0.243837
-1.0,0.0351255,0.0241194,0.0285468,0.0618527,0.878886,0.0396351,0.0207909,0.0369462,0.0163911,0.0354804,0.168531,0.589881,0.0549417,0.559713,0.329451,0.0381624,0.0741275,0.440865,0.0308457,0.0164758,0.0433016,0.561643,0.827991,0.839563,0.578266,0.832678,0.0400314,0.0260626,0.625119,0.258531
-1.0,0.0249537,0.0617216,0.030633,0.0514329,0.843545,0.0401405,0.0230696,0.0405638,0.0162673,0.0458424,0.227483,0.563628,0.0758045,0.544485,0.297915,0.0280318,0.0613522,0.394738,0.0400634,0.0155145,0.0436177,0.577573,0.864186,0.77634,0.545479,0.770528,0.0415801,0.0252517,0.596384,0.273714
-1.0,0.0251024,0.0385546,0.0275479,0.0661704,0.803926,0.0908876,0.0356133,0.051364,0.0461978,0.0453847,0.493316,0.644531,0.0932743,0.625769,0.562904,0.0489236,0.0548545,0.554978,0.0452816,0.0392714,0.0728579,0.591879,0.886697,0.883607,0.647741,0.923973,0.0351333,0.0508914,0.723131,0.380053
-1.0,0.0335728,0.0458629,0.0404224,0.0466126,0.818145,0.0754659,0.0272249,0.0382222,0.0323247,0.0372883,0.277689,0.605585,0.085054,0.512043,0.438284,0.05034,0.0921675,0.424156,0.0557317,0.03524,0.0462846,0.525657,0.863534,0.808704,0.530669,0.842792,0.0296466,0.0346653,0.5953,0.30339
-1.0,0.0324935,0.0309319,0.0226222,0.0458608,0.832818,0.0186609,0.0260643,0.0307773,0.0203774,0.030216,0.329951,0.521917,0.0692481,0.492335,0.330953,0.0373739,0.0568633,0.441434,0.0356885,0.0334714,0.0459179,0.546673,0.822101,0.791159,0.490721,0.795068,0.034284,0.0337023,0.581592,0.267858
-1.0,0.0279314,0.0690503,0.0177691,0.0368618,0.874952,0.0319861,0.0227879,0.029831,0.0176903,0.0291939,0.297276,0.585626,0.0561465,0.544,0.538976,0.0321089,0.0478287,0.457551,0.0298024,0.0188411,0.0650633,0.530467,0.783009,0.842901,0.601075,0.833255,0.0233028,0.0180029,0.594871,0.289388
-1.0,0.0327059,0.0228745,0.0313702,0.0581338,0.778994,0.0514315,0.0150098,0.0350742,0.0170138,0.053094,0.267047,0.564861,0.0559164,0.541612,0.426525,0.030593,0.0623404,0.497469,0.0459323,0.0122055,0.0476336,0.486161,0.787147,0.824767,0.560221,0.856114,0.0302598,0.0297624,0.585534,0.331462
-1.0,0.0289253,0.0349702,0.0254228,0.0568581,0.833046,0.0493728,0.0185469,0.0420255,0.0166727,0.053763,0.224718,0.566793,0.0579858,0.463542,0.340582,0.0390773,0.0754888,0.35297,0.0382078,0.0191784,0.0503501,0.522643,0.801024,0.810662,0.501135,0.779948,0.0364119,0.0207494,0.590445,0.314034
-1.0,0.0279189,0.0345893,0.0277599,0.0392988,0.827938,0.0124481,0.0169412,0.0332467,0.0112736,0.0311064,0.396657,0.64768,0.0810149,0.526918,0.488633,0.0286911,0.0528494,0.438445,0.0310779,0.0189481,0.0597858,0.551923,0.865096,0.825082,0.607925,0.796044,0.0318344,0.021938,0.660389,0.288208
-1.0,0.0294295,0.0280993,0.0248896,0.047704,0.816422,0.0422605,0.0171318,0.0418834,0.0193269,0.0374154,0.346023,0.500062,0.0274384,0.482928,0.446179,0.0283224,0.0522217,0.405248,0.0292513,0.0178902,0.0402944,0.47552,0.7993,0.817942,0.558891,0.81156,0.0209244,0.0248415,0.615358,0.228137
-1.0,0.0236204,0.0467795,0.0247226,0.0699201,0.826457,0.0430093,0.0144999,0.0334143,0.0162026,0.0355699,0.260905,0.608373,0.0655611,0.477192,0.474414,0.034052,0.0541344,0.386995,0.0334071,0.01581,0.0491143,0.556793,0.833171,0.837197,0.57297,0.776258,0.0446544,0.0268002,0.63109,0.201019
-1.0,0.0336187,0.0253154,0.0270186,0.0538786,0.836783,0.0428448,0.0195074,0.0394543,0.0195498,0.0410225,0.214154,0.570567,0.0292579,0.469329,0.373061,0.0256911,0.0738171,0.395388,0.0337587,0.0179398,0.0522154,0.515999,0.803101,0.800523,0.539205,0.772681,0.0267235,0.0315911,0.586154,0.18204
-1.0,0.0277164,0.0355728,0.0167788,0.0489869,0.818024,0.037788,0.017388,0.0396312,0.02596,0.0356807,0.240001,0.510485,0.0481088,0.473172,0.349016,0.0351966,0.055688,0.337609,0.0328842,0.0231834,0.0452913,0.458432,0.749415,0.789824,0.534389,0.784132,0.0265967,0.0129513,0.644843,0.268071
-1.0,0.0488848,0.0298837,0.0234361,0.0518956,0.812833,0.0292691,0.0191529,0.0379914,0.0220835,0.0338509,0.262663,0.574734,0.0652617,0.480583,0.356693,0.0366688,0.0499163,0.354044,0.0351913,0.0141512,0.0365552,0.494194,0.786239,0.782234,0.537183,0.812459,0.0312439,0.0248409,0.598083,0.275589
-1.0,0.0275886,0.0210037,0.022607,0.0549788,0.836773,0.0497647,0.0188646,0.0357983,0.0190264,0.0536197,0.281678,0.549894,0.0597338,0.490156,0.358146,0.0354399,0.0726434,0.378877,0.040752,0.0175104,0.0437523,0.545977,0.811306,0.834784,0.527746,0.834225,0.0355653,0.0239277,0.550825,0.299451
-1.0,0.0329142,0.0278131,0.0166802,0.0425449,0.79398,0.0270285,0.0200631,0.0276953,0.0121748,0.0352873,0.268139,0.51452,0.0642243,0.483754,0.42878,0.0274451,0.0461122,0.368668,0.0317664,0.016589,0.0554382,0.506629,0.861061,0.814147,0.510593,0.858801,0.0272546,0.023657,0.595453,0.349362
-1.0,0.0284463,0.0264909,0.0303078,0.0403823,0.799624,0.0382951,0.0196712,0.0388511,0.015054,0.0360213,0.25101,0.547333,0.0531726,0.441512,0.38628,0.0303262,0.0577253,0.349516,0.0197736,0.018951,0.0371548,0.45756,0.817547,0.799637,0.486508,0.792773,0.0363975,0.022943,0.57025,0.291645
-1.0,0.0303614,0.028565,0.0390008,0.0589432,0.811924,0.0399313,0.0205427,0.0391848,0.0176835,0.0450783,0.169192,0.504944,0.068337,0.473007,0.348399,0.0250878,0.0608825,0.347431,0.0323991,0.0160521,0.0618487,0.467515,0.790096,0.801307,0.536365,0.797312,0.0279477,0.0313685,0.560507,0.298192
-1.0,0.0288898,0.0349462,0.0306317,0.051408,0.781061,0.0562788,0.031877,0.0316838,0.0222187,0.0403841,0.243345,0.591765,0.107886,0.481524,0.372468,0.0482507,0.0515219,0.383776,0.0408539,0.0353747,0.0475832,0.539613,0.821115,0.821042,0.571804,0.75729,0.0312454,0.0355931,0.597114,0.315593
-1.0,0.0279865,0.0263212,0.0262581,0.0474923,0.820114,0.0325672,0.0167931,0.0331741,0.0124495,0.0354598,0.356587,0.609923,0.0960269,0.537764,0.454773,0.0298415,0.0477131,0.408879,0.028294,0.0153607,0.0347436,0.542094,0.83551,0.796442,0.628203,0.868065,0.0273794,0.0240232,0.657932,0.30429
-1.0,0.0293347,0.0405111,0.0427744,0.0398056,0.829009,0.0384871,0.0176051,0.0508482,0.0180913,0.0422398,0.326999,0.656591,0.101301,0.439435,0.4543,0.0297815,0.0663111,0.368168,0.0279909,0.0146615,0.0542115,0.534257,0.800322,0.808731,0.576369,0.790429,0.0309539,0.0264369,0.640043,0.293304
-1.0,0.0354982,0.0302277,0.0354542,0.0539169,0.857176,0.0278332,0.0207313,0.0274001,0.018858,0.0339438,0.297644,0.526193,0.0692838,0.488134,0.338432,0.0314126,0.0543155,0.374266,0.0334237,0.016242,0.0516753,0.51777,0.796699,0.811176,0.559392,0.772539,0.0191692,0.0179645,0.564138,0.320823
-1.0,0.0458177,0.0382183,0.0318021,0.0521686,0.811419,0.0421037,0.0218883,0.0369038,0.0221249,0.0346486,0.192526,0.558918,0.0735045,0.504653,0.301564,0.0354058,0.0674925,0.41993,0.0401935,0.0197344,0.0532903,0.575465,0.774471,0.824565,0.535531,0.83043,0.0218164,0.0281232,0.601968,0.277754
-1.0,0.0250009,0.0356773,0.028713,0.0416393,0.801754,0.0291071,0.0205809,0.0302797,0.0142522,0.0339347,0.244381,0.578146,0.0569501,0.518858,0.424549,0.0341998,0.0723636,0.42822,0.0320655,0.0228554,0.0416008,0.550527,0.82436,0.834728,0.542901,0.790346,0.0362306,0.0229566,0.685224,0.301438
-1.0,0.0380526,0.05863,0.0333311,0.0507358,0.787787,0.044155,0.0246066,0.0314486,0.0159671,0.0320608,0.215768,0.567626,0.0539554,0.430892,0.457191,0.035114,0.0536264,0.359783,0.0511667,0.0165253,0.0440359,0.513958,0.783663,0.82117,0.536979,0.751451,0.0569851,0.0270484,0.630082,0.317257
-1.0,0.034814,0.0291153,0.0268592,0.0478888,0.78108,0.0358855,0.0177858,0.0373443,0.0184965,0.0412038,0.267253,0.623606,0.0855152,0.529037,0.593301,0.0297351,0.0560537,0.30485,0.0295249,0.0180011,0.0466588,0.49612,0.847272,0.80994,0.59979,0.833538,0.0382123,0.0261263,0.619482,0.259553
-1.0,0.0305397,0.0357362,0.0251514,0.0529415,0.797934,0.0314956,0.022991,0.0340167,0.0153112,0.038575,0.418721,0.661976,0.0814863,0.616555,0.549709,0.0345511,0.0627681,0.497418,0.03329,0.0133927,0.0430633,0.57994,0.857724,0.846481,0.638841,0.856785,0.0393358,0.0231095,0.688063,0.344715
-1.0,0.0342937,0.0515732,0.0352671,0.0491053,0.797049,0.0450439,0.0257078,0.0343403,0.0178891,0.0339791,0.248303,0.558082,0.0606839,0.494023,0.361509,0.039029,0.0624684,0.405765,0.032981,0.0171391,0.0620022,0.490444,0.743796,0.808734,0.56706,0.797306,0.0617856,0.0296192,0.634545,0.275869
-1.0,0.0291068,0.0430856,0.0241626,0.0510947,0.837974,0.0398913,0.0153226,0.0314731,0.0176533,0.0358657,0.334017,0.488916,0.0746926,0.501028,0.371197,0.0240778,0.0660736,0.390456,0.0429107,0.017678,0.0575829,0.494662,0.827476,0.811559,0.57856,0.806087,0.0234588,0.0265521,0.566649,0.290249
-1.0,0.0323997,0.0305663,0.0199054,0.0400237,0.783604,0.0255143,0.0156555,0.0318884,0.0138048,0.0311521,0.147804,0.565891,0.0745725,0.493315,0.305798,0.0364378,0.0389679,0.266387,0.0340613,0.0191948,0.0563043,0.457065,0.834791,0.821182,0.495571,0.779879,0.0217493,0.0236197,0.632715,0.263412
-1.0,0.0206729,0.0299818,0.0280419,0.057331,0.746795,0.0412689,0.0271722,0.03808,0.0293041,0.0316713,0.191349,0.571846,0.0568695,0.483073,0.411966,0.0318595,0.0471914,0.335189,0.038983,0.0228538,0.0473167,0.499352,0.797708,0.795372,0.521618,0.789016,0.0387941,0.0245496,0.615771,0.258098
-1.0,0.0405152,0.0471494,0.0289545,0.0500244,0.753756,0.0415239,0.0211294,0.034413,0.0171314,0.0349344,0.191332,0.633027,0.060238,0.520051,0.372058,0.0404299,0.0557056,0.34887,0.0402861,0.0164608,0.0484986,0.52195,0.799813,0.801526,0.552091,0.829291,0.0433601,0.0258393,0.62205,0.304731
-1.0,0.0307055,0.0428691,0.0225646,0.0506942,0.79902,0.0385053,0.0361617,0.0338533,0.0187178,0.0363156,0.2208,0.597055,0.0597598,0.492222,0.498587,0.0374249,0.051101,0.43907,0.0367096,0.0149067,0.0618622,0.535404,0.798771,0.802687,0.524345,0.798347,0.0317827,0.0249514,0.605701,0.259663
-1.0,0.0314058,0.0331051,0.0181403,0.0486753,0.842531,0.0371307,0.0212351,0.0377056,0.0191744,0.0346626,0.190427,0.50037,0.0428416,0.478203,0.354248,0.0319077,0.0460857,0.371241,0.0395255,0.0195062,0.0568199,0.4966,0.761177,0.805029,0.559372,0.764392,0.03234,0.0351133,0.59091,0.290545
-1.0,0.0336251,0.0362026,0.0279734,0.030827,0.816508,0.0386968,0.0204298,0.0401221,0.0184862,0.0389063,0.306835,0.558397,0.0583803,0.445786,0.464143,0.0409298,0.0594268,0.379235,0.0349165,0.0218084,0.0509459,0.506149,0.821304,0.787016,0.494523,0.818541,0.0286898,0.0261182,0.565238,0.277704
-1.0,0.0359657,0.0230846,0.0285834,0.0591746,0.806426,0.0394505,0.0149589,0.0405347,0.018731,0.040218,0.248186,0.588949,0.0639327,0.493623,0.345127,0.0329463,0.048138,0.363013,0.0393526,0.0145938,0.0389255,0.498357,0.787678,0.801356,0.543857,0.776675,0.0325484,0.0267358,0.560987,0.303869
-1.0,0.0385292,0.0397697,0.033755,0.0501454,0.804687,0.0496621,0.0203698,0.0418135,0.0193389,0.0470796,0.337025,0.540213,0.077407,0.506515,0.48002,0.0353057,0.060781,0.455499,0.043362,0.0167622,0.0448029,0.532078,0.878402,0.824834,0.537709,0.810948,0.0465566,0.0307124,0.59675,0.33219
-1.0,0.0318934,0.0312377,0.025251,0.0538163,0.772999,0.0546212,0.0278411,0.0347648,0.0151868,0.0476381,0.329957,0.582762,0.0863219,0.560782,0.461244,0.0347898,0.0561552,0.471925,0.0334778,0.0139527,0.0656517,0.571111,0.788737,0.811809,0.573816,0.824312,0.0337913,0.0286925,0.617561,0.349249
-1.0,0.0378147,0.0497198,0.0296111,0.0458345,0.808927,0.0367999,0.0224826,0.0298875,0.015104,0.0397526,0.317733,0.614543,0.0745396,0.563863,0.535102,0.0385479,0.0512463,0.495401,0.0401899,0.0229327,0.0399846,0.570293,0.891215,0.81528,0.599958,0.823848,0.0507638,0.0257925,0.65638,0.311373
-1.0,0.02835,0.0309878,0.032775,0.0341556,0.832315,0.0392105,0.0167387,0.0355401,0.0170635,0.03947,0.325964,0.629745,0.0616287,0.544179,0.536706,0.0288613,0.0565876,0.433362,0.0309582,0.0166806,0.0481219,0.560014,0.850842,0.836352,0.548699,0.859657,0.0476065,0.0265526,0.657707,0.293372
-1.0,0.0333946,0.0676932,0.0303597,0.0412491,0.838959,0.0470087,0.02232,0.0321668,0.0156987,0.0346889,0.0788676,0.697982,0.11569,0.552366,0.348189,0.0380641,0.0700881,0.591365,0.0315924,0.0156248,0.0577731,0.399668,0.920085,0.865652,0.686631,0.912496,0.0427075,0.0215797,0.648659,0.427129
-1.0,0.0285211,0.0325862,0.0162466,0.0517382,0.863239,0.024222,0.0205844,0.0305417,0.0157953,0.0403795,0.376055,0.571385,0.0662006,0.527173,0.424431,0.0390642,0.0399055,0.375295,0.0376666,0.0232208,0.0664274,0.528494,0.82122,0.834425,0.57762,0.805456,0.0307487,0.0282777,0.62105,0.312324
-1.0,0.0312589,0.0480743,0.0281199,0.044847,0.806039,0.0498743,0.0253923,0.0380749,0.0220869,0.0447257,0.280434,0.659114,0.0683138,0.605051,0.477643,0.0431216,0.055852,0.434986,0.0447995,0.018539,0.0597016,0.618379,0.844024,0.840076,0.672463,0.818754,0.0313456,0.0424194,0.709641,0.338076
-1.0,0.0324652,0.0626239,0.0325885,0.0535899,0.855686,0.0373861,0.0182139,0.0337569,0.0141712,0.0317066,0.287724,0.678803,0.115089,0.596506,0.590019,0.0262277,0.0643842,0.392226,0.0478287,0.0158078,0.0532323,0.598605,0.865939,0.831612,0.612258,0.867705,0.0318439,0.0270961,0.68005,0.338154
-1.0,0.0315296,0.0312809,0.0647979,0.0536373,0.784241,0.0914682,0.021279,0.0296142,0.0185265,0.0335138,0.23378,0.577053,0.063667,0.497051,0.401078,0.0325209,0.0581952,0.334054,0.0313832,0.0169323,0.053689,0.47349,0.805126,0.752002,0.550431,0.788553,0.0233082,0.0282417,0.621794,0.309493
-1.0,0.031399,0.0346088,0.0194725,0.0557319,0.828266,0.0183133,0.0229829,0.0300077,0.0155853,0.028741,0.232724,0.534319,0.0496632,0.509142,0.42185,0.0243436,0.0476911,0.434004,0.0324996,0.0192971,0.048719,0.502782,0.795251,0.829683,0.588878,0.796088,0.0293245,0.0264986,0.608398,0.311074
-1.0,0.03605,0.0419429,0.0179911,0.0553499,0.789924,0.0266751,0.0248546,0.0261199,0.0372494,0.031612,0.25795,0.558768,0.0604273,0.460287,0.45702,0.0490238,0.0559478,0.452212,0.0350563,0.0138298,0.0575667,0.562786,0.771806,0.820537,0.576693,0.83008,0.0445269,0.0251919,0.680835,0.253423
-1.0,0.0293303,0.0442121,0.0364468,0.0508666,0.779209,0.040995,0.0208982,0.0347621,0.0135634,0.0399806,0.30147,0.642037,0.0647417,0.465541,0.450493,0.0285355,0.0595525,0.42563,0.0321494,0.0189142,0.0480405,0.523583,0.82644,0.798268,0.651205,0.823814,0.0290625,0.0248584,0.656949,0.277286
-1.0,0.0281938,0.0364443,0.0305321,0.0550037,0.775338,0.0469137,0.0345154,0.0370213,0.025344,0.0265531,0.275018,0.545468,0.0797693,0.509823,0.456871,0.0518472,0.0671938,0.411941,0.0394734,0.0271385,0.0466239,0.521469,0.826318,0.815702,0.575528,0.840084,0.0245903,0.0313884,0.589414,0.349125
-1.0,0.0327364,0.0318692,0.0351,0.0532231,0.8378,0.0403972,0.0164127,0.0388738,0.0149085,0.0377742,0.289947,0.577557,0.0534387,0.561693,0.445381,0.0379338,0.0545864,0.427118,0.0291986,0.0172597,0.0407215,0.538635,0.815035,0.814999,0.58979,0.838978,0.0247385,0.0252692,0.616636,0.375716
-1.0,0.0294003,0.0311326,0.0294173,0.0495273,0.855959,0.0407156,0.0187043,0.0406607,0.0193199,0.0481225,0.180217,0.604794,0.0645104,0.53806,0.462834,0.0331301,0.0871782,0.523652,0.0408802,0.0170643,0.0508688,0.52723,0.856299,0.824966,0.623958,0.880545,0.0289545,0.0364123,0.619965,0.358786
-1.0,0.0363868,0.0247799,0.0201675,0.0523094,0.809784,0.0146341,0.0162939,0.0356532,0.0160855,0.0383042,0.284332,0.592681,0.0578109,0.490385,0.415614,0.0326321,0.0526005,0.411061,0.0325247,0.0185622,0.0538147,0.568066,0.849273,0.841992,0.620256,0.817786,0.0251981,0.0260541,0.586449,0.298453
-1.0,0.0378071,0.0348616,0.0303586,0.0458979,0.846987,0.0300845,0.0186746,0.031752,0.0138905,0.0285082,0.241298,0.568729,0.067024,0.593666,0.429027,0.0404075,0.0569525,0.388861,0.0421061,0.0123917,0.0528036,0.549273,0.827204,0.833356,0.592504,0.83704,0.0394913,0.0222856,0.644999,0.341044
-1.0,0.0349168,0.0412156,0.0647105,0.0557168,0.801918,0.0501492,0.0233916,0.0460987,0.0121931,0.043398,0.312526,0.690354,0.077426,0.581429,0.47479,0.0366033,0.0729827,0.445534,0.0398504,0.0172668,0.0481278,0.553155,0.882668,0.826937,0.606039,0.801657,0.0411521,0.0278414,0.622788,0.383496
-1.0,0.0297348,0.0518411,0.0342743,0.0622807,0.794121,0.0830026,0.0261037,0.0493958,0.0398055,0.0465293,0.238398,0.619755,0.0486355,0.484153,0.367295,0.0509979,0.0825766,0.388477,0.0486573,0.0356246,0.0418924,0.508084,0.846017,0.818364,0.586131,0.788006,0.0389327,0.0532325,0.612759,0.278398
-1.0,0.0363873,0.0234974,0.0255264,0.0553011,0.788562,0.0316991,0.0184671,0.035043,0.0179987,0.0314878,0.188173,0.592764,0.0483572,0.534881,0.379435,0.0410925,0.0421416,0.419105,0.037765,0.0165319,0.0579131,0.506334,0.834661,0.825281,0.557375,0.78115,0.0313812,0.0252469,0.581292,0.319404
-1.0,0.0404145,0.0446261,0.0557034,0.0454845,0.83822,0.0279524,0.0263007,0.0329002,0.0237083,0.0376415,0.342723,0.652724,0.0924187,0.506488,0.378598,0.0345029,0.0651771,0.45946,0.0382023,0.0239741,0.0416588,0.562802,0.861063,0.818112,0.527245,0.877924,0.0363352,0.0240545,0.627698,0.297862
-1.0,0.0335169,0.0249519,0.0245188,0.062639,0.829924,0.0425446,0.0212825,0.0419709,0.0174904,0.0390985,0.209594,0.525829,0.0482703,0.569366,0.373217,0.028526,0.0366677,0.338907,0.0370775,0.017895,0.0505732,0.503041,0.82023,0.831835,0.535536,0.887136,0.0289729,0.0245188,0.595842,0.33703
-1.0,0.026064,0.0425612,0.0269915,0.0523535,0.80449,0.053828,0.0318952,0.0392254,0.0330692,0.0420823,0.225023,0.591031,0.0477267,0.51043,0.446784,0.0425909,0.0680755,0.344654,0.0364995,0.0257307,0.0531412,0.50499,0.83918,0.839858,0.596885,0.794332,0.0282784,0.035056,0.585575,0.306504
-1.0,0.0307666,0.0220522,0.0274755,0.0545522,0.824191,0.0370324,0.0162107,0.0365814,0.0133062,0.0429537,0.276459,0.508706,0.091185,0.449453,0.460809,0.0351336,0.0655302,0.357371,0.0328549,0.0142862,0.0525144,0.523885,0.843794,0.797197,0.554147,0.834863,0.027686,0.0265646,0.585835,0.265318
-1.0,0.0219707,0.036592,0.0253249,0.0478054,0.806814,0.0298658,0.0290444,0.0326155,0.0132596,0.0398807,0.196621,0.462918,0.0504652,0.45365,0.384604,0.0390037,0.0700437,0.360283,0.0340833,0.0172404,0.0480494,0.484725,0.827895,0.773364,0.517109,0.744499,0.024756,0.0240815,0.561824,0.255301
-1.0,0.0269028,0.026292,0.0274269,0.0418098,0.806242,0.0114532,0.0226634,0.0304632,0.0152477,0.0275439,0.264289,0.572242,0.0599155,0.518985,0.528523,0.0278723,0.0365006,0.426691,0.0325138,0.0192661,0.0536637,0.549442,0.851144,0.827092,0.643258,0.828703,0.0300042,0.0252381,0.60315,0.269337
-1.0,0.0423274,0.0372125,0.0322228,0.0489862,0.822109,0.0560971,0.0225599,0.0379793,0.0176402,0.0498071,0.235739,0.578522,0.0519804,0.406512,0.253387,0.0343194,0.0582344,0.318434,0.0373636,0.0168077,0.0662891,0.486313,0.860433,0.782581,0.529244,0.794453,0.0377287,0.0259399,0.571661,0.275867
-1.0,0.0425928,0.0486135,0.0312972,0.0557494,0.808378,0.0537336,0.0218764,0.0437765,0.0223081,0.0459818,0.240862,0.639675,0.0683339,0.588372,0.492726,0.0501813,0.0657651,0.479876,0.0510959,0.0192731,0.0474091,0.570488,0.863117,0.847697,0.594809,0.799799,0.0503526,0.0261783,0.639633,0.361844
-1.0,0.0232022,0.0363157,0.022859,0.0604054,0.852375,0.0504104,0.0181207,0.0428162,0.0113692,0.0424068,0.185122,0.487867,0.0746096,0.446815,0.305485,0.0323151,0.0577955,0.34842,0.0406202,0.011982,0.0562021,0.481589,0.782691,0.792786,0.536734,0.77683,0.0301066,0.0258805,0.554782,0.266283
-1.0,0.038395,0.150821,0.0189984,0.0400155,0.844749,0.0409077,0.022801,0.0302126,0.0181468,0.0381637,0.268626,0.577391,0.0961221,0.506486,0.465203,0.0456788,0.064603,0.445184,0.0312659,0.0142602,0.0502413,0.580338,0.885607,0.844433,0.559448,0.833358,0.0334354,0.027456,0.625913,0.304209
-1.0,0.0312424,0.0659785,0.0386679,0.0653136,0.822068,0.0490285,0.0175361,0.0281356,0.0152131,0.0360913,0.251917,0.625339,0.073513,0.524293,0.424855,0.0297274,0.0674334,0.39103,0.0307074,0.0171392,0.0492788,0.541461,0.836073,0.806617,0.522693,0.834134,0.0468304,0.0252286,0.598683,0.351751
-1.0,0.0443794,0.0613201,0.0357788,0.101067,0.736098,0.0516797,0.0224578,0.0639066,0.0395331,0.0379922,0.311904,0.615078,0.0836137,0.523779,0.591983,0.0336868,0.0649088,0.475044,0.0406462,0.0264094,0.0473492,0.588032,0.850433,0.824522,0.610648,0.853252,0.0627089,0.0430239,0.634331,0.258069
-1.0,0.033949,0.0284093,0.0364951,0.0429932,0.753285,0.0492215,0.0241854,0.0354099,0.0173771,0.0395897,0.14125,0.524029,0.0896324,0.495457,0.439705,0.0300586,0.0688751,0.412239,0.0376507,0.0136482,0.0597404,0.474341,0.828191,0.815405,0.546362,0.773741,0.0275336,0.0252496,0.588196,0.314543
-1.0,0.0352643,0.056454,0.0392349,0.0631883,0.785283,0.0395711,0.0194875,0.0366939,0.0152726,0.0386146,0.155462,0.586497,0.0735391,0.454979,0.504294,0.0451635,0.0620694,0.304902,0.0263304,0.0156181,0.0493287,0.436756,0.776416,0.765745,0.582573,0.804322,0.0327816,0.026351,0.572554,0.286139
-1.0,0.0383089,0.0300439,0.0301778,0.0580039,0.792435,0.0491349,0.0192503,0.0332298,0.0182988,0.0369179,0.263806,0.601728,0.0556226,0.488483,0.383079,0.0285187,0.045829,0.311288,0.0327487,0.0176908,0.0546175,0.515802,0.803737,0.844744,0.519078,0.844261,0.0426147,0.0289026,0.608258,0.303323
-1.0,0.0293083,0.0532575,0.0204367,0.0527653,0.830771,0.0372165,0.0122144,0.0325652,0.0216446,0.0359695,0.259988,0.583858,0.0739072,0.496339,0.330548,0.0349639,0.0556844,0.373876,0.0315473,0.020006,0.0534098,0.512672,0.811478,0.811813,0.596941,0.842483,0.0293493,0.0335332,0.557209,0.313117
-1.0,0.0297593,0.0421205,0.0487358,0.0508559,0.776783,0.0366189,0.0182373,0.025992,0.0165548,0.0338844,0.287197,0.631349,0.0759639,0.512138,0.431816,0.0448111,0.0499804,0.399286,0.0304932,0.0229336,0.061895,0.521332,0.847517,0.834417,0.621456,0.818717,0.039768,0.0313835,0.659896,0.301584
-1.0,0.0442017,0.022754,0.0277088,0.0533484,0.821034,0.0554607,0.0154061,0.0502226,0.0186562,0.0532179,0.274759,0.602103,0.060138,0.468426,0.318171,0.0359917,0.0789389,0.379077,0.0508138,0.0197937,0.0423647,0.486927,0.821182,0.798554,0.525945,0.815597,0.036393,0.0307715,0.564208,0.313538
-1.0,0.036186,0.0414281,0.0182724,0.0454802,0.803345,0.03098,0.0225756,0.0316467,0.0202241,0.0350742,0.142189,0.5095,0.0552272,0.420177,0.332944,0.0399619,0.0416425,0.273339,0.027887,0.041855,0.0446545,0.493972,0.682943,0.802708,0.51627,0.836705,0.0213803,0.0317862,0.607964,0.273573
-1.0,0.0390079,0.050331,0.0506903,0.0601903,0.788587,0.0467188,0.0298164,0.035618,0.0208558,0.0432469,0.283129,0.549795,0.0697362,0.431029,0.497371,0.0325074,0.0470889,0.308364,0.0454884,0.0164819,0.0450563,0.4562,0.815556,0.79699,0.551784,0.785266,0.0296463,0.0338218,0.629563,0.281264
